no,tgl_Iklan,url,harga_juta,kota,LT,LB,KT,KM,KTP,KMP,carport,garasi,listrik,surat,judul,deskripsi
1,02/04/21,https://www.rumah.com/listing-properti/dijual-rumah-style-villa-oleh-deknik-18427419,5000,Bali,290,300,4,5,0,0,1,1,13200,SHM,Rumah style villa,"Rumah Style Villa Lantai 2 Minimalis Kawasan One Gate Sistem
Dijual Rumah style Villa lantai 2 minimalis
Lokasi : Semer kerobokan dekat ke pepito /bumbak umalas/seminyak/ Canggu

* Luas tanah : 290 m²
* Luas Bangunan : 300 m²
* Direnovasi 2019
* 4 kamar tidur mewah,
* kamar mandi 4 + 1,
* fully furnish
* swimming pool ukuran 5 mtr x 8 mtr
* kitchen
* Living room
* Garase
* one gate sistem
* Listrik : 13200 watt
* Shm + IMB lengkap
* Akses jln 5 mtr
Harga : 5.Milyar ​​Nego"
2,02/04/21,https://www.rumah.com/listing-properti/dijual-rumah-dijual-oleh-deknik-18427710,3500,Bali,200,214,3,2,1,1,1,1,5500,SHM,Rumah dijual,"Rumah Lantai 2 Minimalis Siap Huni
Di jual cepat rumah di area marlboro / pura demak / teuku umar.

Luas Tanah 200m2, luas Bangunan 214m2
Listrik 5.500 kwh
SHM

3 Kamar Tidur lengkap dgn tmpt tidur, nakas dan ac, 2 kamar mandi (1 di dlm kamar utama)
1 kmr art, kmr mandi art, 1 gudang
Kolam Renang 4x6 m
Kamar mandi sblh kolam renang
Pool deck kayu ulin/kayu besi
1 carport dan 1 garasi
Kusen dan daun pintu kayu merbau tinggi 3m
Lengkap furniture:
1. Sofa set ruang tamu
2. Sofa set ruang kel
lantai 1
3. Sofa set ruang kel
lantai 2
4. 1 set Meja Makan
5. 3 smart tv merk
samsung (45' 1 unit,
42' 2 unit)
6. Kitchen set berikut
kompor tanam merk
modena, penghisap
debu merk modena,
microwave merk
modena
7. 2 kulkas (1 kulkas 2
pintu merk samsung
& 1 kulas 1 pintu
merk LG)
8. Dispenser merk
Polytron
9. Bufet bawah tangga
10. Meja Konsul
11. 2 Lemari Drawer
12. Kursi reclining
13. 2 kursi bulat
14. Mesin cuci merk
Samsung
15. 3 spring bed
16. 3 unit AC merk
Daikin
17. Water Tank
18. Lemari pakaian
setiap kamar
19. 2 Meja rias (kmr
utama dan kmr
anak)
20. 2 set meja belajar
21. 2 kipas angin
23. Kursi Pijat merk
Advance
24. 3 meja tv
25. 2 set kursi teras
26. 3 karpet
27. Lemari kaca
display

HARGA: 3.5M NEGO"
3,02/04/21,https://www.rumah.com/listing-properti/dijual-rumah-harga-miring-lokasi-jimbaran-oleh-i-wayan-indra-setiawan-d-18366694,850,Bali,100,80,3,2,0,0,1,0,1300,SHM,Rumah Harga Miring lokasi Jimbaran,"Rumah Murah Harga Miring Lokasi Jimbaran
Dijual Rumah 2 lantai di jimbaran
Luas Tanah 100 m2
Luas Bangunan 80 m2
3 KT
2 KM
Dapur
Garase luas
Ruang Tamu
Air Sumur bor
Listrik 1300
Tempat Cuci jemur luas d blakang
Lokasi strategis,
dekat dengan;
- pasar
- sekolah
- by pass
Furniture
2 spring bed
1 ac
Kitchen set
Kompor tanam
Rak tv
2 lemari
Orientasi rumah menghadap utara
Harga Jadi 850jt
Pemilik BUC!!!"
4,02/04/21,https://www.rumah.com/listing-properti/dijual-rumah-strategis-uluwatu-bali-oleh-agatha-mulyani-18426628,1572,Bali,105,69,2,2,0,0,1,0,,SHM,"RUMAH STRATEGIS, ULUWATU, BALI","Rumah Strategis, Uluwatu, Bali
Rumah Strategis, Uluwatu, Bali
Hunian minimalis di pusat kota uluwatu, dengan one gate system dan security 24 jam.
Luas tanah : 105 meter2
Luas bangunan : 69 meter2
Type : Damita

Fasilitas :
- 2 kamar tidur
- 2 kamar mandi
- carport untuk 1 mobil
- kolam renang (optional)

Lokasi :
11 menit menuju Samasta Lifestyle Village
11 menit menuju Garuda Wisnu Kencana
12 menit menuju Jimbaran Beach
20 menit menuju Bandara Ngurah Rai
Minat ? Hubungi :
Agatha Discovery Property
08112288788 (WA)
INSTAGRAM : @agathadiscovery

jual rumah uluwatu bali, dijual rumah di uluwatu bali"
5,04/04/21,https://www.rumah.com/listing-properti/dijual-rumah-dua-lantai-minimalis-modern-berlokasi-sangat-strategis-pusat-pariwisata-nusa-dua-bali-oleh-welly-yudika-17366708,505,Bali,50,50,2,2,0,0,1,0,1300,SHM,RUMAH DUA LANTAI MINIMALIS MODERN BERLOKASI SANGAT STRATEGIS PUSAT PARIWISATA NUSA DUA BALI,"Rumah Baru 2 Lantai Murah 2 Kamar Strategis Nusa Dua Bali
PROMO PERUMAHAN NEW KANAKA HILL
Dapatkan Cashback/Diskon 30 JUTA (khusus Pembelian Cash)
Free Biaya Pajak Bphtb
Free Biaya AJB Notaris
Bonus Canopy

Type 50/50
Bangunan 50 m2/Tanah 50 m2
Harga mulai : 505.000.000
KPR BANK MANDIRI & Bank BTN

Proses Rumah KPR Rumah indent:
- Booking 5 Juta
- Pilih Kavling
- Mengumpulkan berkas syarat KPR maksimal 14 hari
- Unit Rumah anda akan selesai dalam 6 Bulan
- Infrastruktur Jalan Paving Blok sudah selesai, Listrik sudah masuk dan Air Pdam sudah ada.

*Promo Hanya KPR lewat Bank Mandiri dan BPR lestari, Kavling Terbatas.
Buruan booking sebelum kehabisan.
Pembeli serius hubungi ke nomor WA langsung di 08117178500
pak Welly
Terima Kasih :)
Hunian minimalis di pusat kota uluwatu, dengan one gate system dan security 24 jam.
Luas tanah : 153 meter2
Luas bangunan : 101 meter2
Type : Dahayu

Fasilitas :
- 3 kamar tidur + 1
- 2 kamar mandi + 1
- carport untuk 1 mobil
- kolam renang (optional)

Lokasi :
11 menit menuju Samasta Lifestyle Village
11 menit menuju Garuda Wisnu Kencana
12 menit menuju Jimbaran Beach
20 menit menuju Bandara Ngurah Rai

Minat ? Hubungi :
Agatha Discovery Property
08112288788 (WA)
INSTAGRAM : @agathadiscovery

jual rumah uluwatu bali, dijual rumah di uluwatu bali"
6,02/04/21,https://www.rumah.com/listing-properti/dijual-jalan-tangkuban-perahu-kerobokan-badung-oleh-komang-andre-17617696,725,Bali,83,45,2,1,0,0,1,0,1300,SHM,Jalan Tangkuban Perahu Kerobokan Badung,"Buc Rmh Baru Free Bea Shm Kerobokan Badung Dkt Mahendradatta/Gn Salak
Buc
Rumah baru gress kerobokan badung

Lokasinya berada di jalan tangkuban perahu kerobokan
Dekat ke jalan
Marlboro, padang sambian, buana raya, mahendradatta, teuku umar, imam bonjol, gn salak, gn lumut, kesambi

Luas tanah 83m²
Luas bangunan 45m²
Kamar tidur 2
Kamar mandi 1
Halaman depan & belakang
Garase
Ruang tamu
Dapur
Posisi rumahnya hadap utara

# Harga 725 jt free pajak & biaya sertifikat langsung pemilik #

CP
081338968181
081999595772"
7,02/04/21,https://www.rumah.com/listing-properti/dijual-pemogan-bali-oleh-rey-armansyah-17221223,1500,Bali,186,190,3,3,0,0,1,0,4400,SHM,Pemogan bali,"Rumah Murah Pemogan Kuta Bali
Dijual Rumah minimalis view sawah di pemogan lingkungan nyaman dan tidak banjir dan masih ada space untuk bikin kolam • Luas tanah: 186 m2 • Luas bangunan: 190 m2 ¤ Bangunan lantai 2 - 3 Kamar tidur - 3 kamar mandi - Ruang tamu - Dapur - Halaman - gazebo - Carport - Akses jalan 4 mtr paving - hadap barat - sertifikat hak milik #Harga 1,5 Milyar nego K: hfugreerc644"
8,02/04/21,https://www.rumah.com/listing-properti/dijual-rumah-baru-siap-huni-perum-blongkeker-puri-gading-jimbaran-kuta-selatan-badung-bali-oleh-kade-ari-17181638,850,Bali,100,60,3,2,0,0,1,0,1300,SHM,Rumah baru siap huni perum blongkeker puri gading jimbaran kuta selatan badung bali,"Dijual Rumah Baru Dapat Hook Jalan Perum Blongkeker Jimbaran
For Sale
New Sweet House
Good Deal
IDR 850 Juta
Nego Owner
Spek rumah
Luas tanah 100 m2
Luas bangunan 60 m2
Shm
Imb
Posisi hadap timur
Hook jalan
Kamar tidur 3
Kamar mandi 2
Garase
Akses jl -+ 5 m
Lingkungan nyaman
Sudah tahap finishing
Elegan
Hunian sangat bagus
Akses sangat bagus dan dekat area tourism
10 menit ke bandaraPantai kedonganan
Dekat side walk jimbaran
Coco mart
Minimarket
Culinary
Pantai pandawa
Dll

Serius call wa
0881037484440
Regards
Ari"
9,19/03/21,https://www.rumah.com/listing-properti/dijual-bali-oleh-andi-wicaksono-17293420,2300,Bali,600,400,4,2,0,0,1,0,7700,SHM,Bali,"Dijual Rumah Semi Villa Di Buleleng, Seririt Bali
Dijual Rumah semi Villa

LT 400M2 (Rumah Dll)
LT 200 m2 Kost 8 pintu

Lokasi : Seririt, singaraja.
15 menit ke Lovina
10 ke Krisna Funtasticland
45 menit ke Pemuteran
30 menit ke Munduk
1 jam ke Bedugul

-View sawah...
-kamar tidur 4
-kamar mandi 2
-ruang tamu
-ruang keluarga
-garase mobil 2 mobil
-dapur bersih 1
-dapur kotor 1
-tempat londry 1
-kolam renang
-gasebo
-Listrik 7700
-Air sumur bor
-Ac 2 kamar
-Jalan masuk 3meter,jalan di depan rumah 6m

Sertifikat SHM


Informasi Lebih Lanjut Silahkan Hubungi :

Andi Wicaksono1"
10,01/04/21,https://www.rumah.com/listing-properti/dijual-h635-two-beds-bungalow-spacious-garden-in-karangasem-oleh-ketut-sumartana-16691574,3150,Bali,1510,99,2,2,0,0,1,0,2200,SHM,H635 - Two beds bungalow spacious garden in Karangasem,"Two Beds Bungalow Spacious Garden
Bahasa Indonesia
Berdiri di atas tanah seluas 1.510 m2 dan luas bangunan 99.6 m2
Sertifikat Hak milik
2 Kamar tidur dan 2 kamar mandi
1 lantai
Dijual tanpa furniture
Tahun dibangun 2012 dan direnovasi 2015
Sumber air sumur
Meteran listrik 2.200 KWH (PLN)
Jenis atap kayu besi
Jalan akses batu kapur
300 m jalan kaki ke pantai dan 300 m jalan kaki ke jalan raya
Memiliki ijin Pondok wisata sehingga memungkinkan untuk persewaan jangka pendek
English
Stands on 1510 sqms land and 99.6 sqms build size
Freehold
2 Bedrooms and 2 bathrooms
Single floor
Sold unfurnished
Year built 2012 and renovated 2015
Well water source
2,200 KWH electricity (PLN) meter
Iron wood roof type
Limestone access road
300 m walk to the beach and 300 m walk to the main road
Has a Pondok wisata license so means possible for short term rentals"
11,02/04/21,https://www.rumah.com/listing-properti/dijual-dijual-cepat-rumah-siap-huni-di-puri-jimbaran-oleh-ari-kholifa-18002826,1700,Bali,228,116,3,2,1,0,1,0,2200,SHM,Dijual Cepat Rumah Siap Huni di Puri Jimbaran,"Dijual Cepat Rumah Siap Huni Di Puri Jimbaran
Dijual Cepat Puri Jimbaran

Spesifikasi
Lt 228 m2
Lb 116 m2
KT 3+1 , KM 2
Carport 1
Row jalan 2 mobil
Surat shm
Listrik 2200 watt
Air pdam ada tandon bawah

Harga 1,7M nego
Hubungi :
Kholifa rwc
Telp : 082257815491
Wa : 085895816757"
12,02/04/21,https://www.rumah.com/listing-properti/dijual-loyal-bali-property-oleh-rendra-sanjaya-16442746,1050,Bali,105,72,2,1,0,0,1,0,2200,SHM,Loyal Bali Property,"Rumah Dijual/Modern Minimalist House In Goa Gong, Jimbaran, Bali.
Modern Minimalist House in Goa Gong, Jimbaran, Bali.

A comfortable and unique home in the popular area of Bali
Built in a quiet area, and has a good atmosphere for the family
Strategic location with hook position, short drive to famous beaches such as Jimbaran Beach, GWK Park, shops & restaurants
Have 24 hours security
If you are looking for a home to stay with family or friends, this is the perfect home...
Let's check out this cozy home and don't wait anymore!!!

Land Area : 105 Sqm
Building size : 72 Sqm
Title : Freehold (SHM)
Year of Build : 2016
Face Build : North
Bedroom : 2
Bathroom : 1

Features :
Unfurnished
2200 electricity

Details : Asphalt Access

Sell Price : IDR. 1.050.000.000"
13,02/04/21,https://www.rumah.com/listing-properti/dijual-new-brand-house-in-nusa-dua-bali-oleh-ngurah-j%C3%B3el-18047487,1800,Bali,200,180,3,2,0,0,1,1,2200,SHM,New brand house in Nusa Dua Bali,"House In Tourism Area Nusa Dua Bali
*URGENT SALE !! Dijual rumah baru dengan concept western style yang berlokasi di Perumahan Permata Nusa Dua Bali*

Lokasi strategis, dekat dari jalan utama By Pass Ngurah Rai dan Pintu masuk toll Nusa Dua.
Dekat ke fasilitas umum dan objek wisata seperti Pantai Nusa Dua, BTDC, Supermarket Pepito, KFC, dan restaurant.

Lingkungan perumahan yang bersih, aman dan nyaman. Akses jalan lebar. Sangat cocok sebagai hunian ataupun disewa-sewakan

Detail :
- Luas tanah 200 m2
- Luas bangunan 180 m2
- Bangunan 1 lantai
- 3 Bedrooms
- 3 Bathrooms
- 2 Kitchen
- Living room
- Garage
- Garden
- Semi furnished

Harga awal Rp 2.6M
kini turun menjadi
*Rp 1.8M nego*"
14,01/04/21,https://www.rumah.com/listing-properti/dijual-rumah-murah-di-intan-permata-residence-ungasan-lokasi-tenang-aman-dan-nyaman-oleh-denis-18385286,730,Bali,120,55,2,1,0,0,1,0,2200,SHM,"Rumah MURAH di Intan Permata Residence Ungasan Lokasi Tenang, Aman dan Nyaman","Butuh Uang Cepat Turun Harga Rumah Murah Di Intan Permata Residence
HARGA TERMURAH!
HANYA 730 JUTA

Rumah bagus dengan furniture lengkap di Perumahan Intan Permata Residence - Jalan Pura Masuka. One gate system, ada security, lokasi aman dan tenang.

Lokasi strategis dekat dengan karma kandara, akses jalan 6 meter aspal. Multiakses, bisa diakses dari Jalan Toyaning, Jalan Melasti, Jalan Bali Cliff, Jalan Uluwatu, Jalan Tukad Selatan, Jalan Belimbing Sari, dll.

Spesifikasi :
Luas Tanah 120 m²
Luas Bangunan 55 m²
2 Kamar Tidur
1 Kamar Mandi
Living Room
Kitchen
Halaman Depan
Halaman Belakang/Space Untuk Jemur
Carport Luas Bisa Untuk 2 Mobil dan Beberapa Motor

Dekat ke Pantai Karma, Pantai Melasti, Pantai Green Bowl, Pantai Dreamland, dll.

Informasi Lebih Lanjut :
Dennis Sembiring - LJ Hooker Nusa Dua"
15,01/04/21,https://www.rumah.com/listing-properti/dijual-di-jual-rumah-siap-huni-di-padang-sambian-krobokan-oleh-arfianto-adi-nugroho-17858969,950,Bali,138,90,3,1,0,0,1,0,3500,SHM,Di jual rumah siap huni di padang sambian krobokan,"Di Jual Cepat Rumah Siap Huni Di Krobokan
Luas tanah : 1,38 are
Luas bangunan : 90mts
Jumlah kamar tidur : 3kmt
Jumlah kamar mandi : 1 kmr
Listrik 3500watt
Air : sumur bor dalam 60mtr
Garden :ada
Garasi : ada
Hadap mana: selatan
Akses jalan : depan rmh 4mtr
Dekat dengan :
Peti tenget 10 menit
Kuta 20 menit
Ubud 40 menit
Pusat kota 15 menit
Hrga jual : 950jt
Kontrak per thn 28jt nego

+62 878-6215-2279"
16,01/04/21,https://www.rumah.com/listing-properti/dijual-bukit-hijau-jimbaran-oleh-mas-bro-17801466,1500,Bali,105,69,2,2,0,0,1,0,2200,SHM,Bukit Hijau Jimbaran,"Residensial Pertama Jimbaran Terletak Di Kawasan Jimbaran Hijau Kuta
Damara Village Jimbaran tahap 2

Residensial Pertama di Jimbaran terletak di kawasan jimbaran hijau kuta selatan badung bali

kembangkan developer terpercaya Greenwoods dan Jimbaran Hijau.

Dibangun dengan konsep yang membuat penghuninya merasakan kenyamanan dan keindahan,

setiap unitnya memiliki arsitektur modern minimalis dengan spesifikasi bangunan terbaik.

Tahap 1 sdh sold out
Row boulevard 18 mtr
Row dlm 6 mtr

Tipe Damita
Luas bangunan 69
Luas tanah 105 ( 7 x 15 )
2 kamar tidur
2 kamar mandiRuang tamu/ keluarga
Ruang makan
Dapur
Halaman belakang
Balkon
Kolam renang
Carport
Listrik 2200 watt
Booking Fee : Rp. 25.000.000
Indent 24 bulan
Tahap 2 hanya 60 unit exclusive
jika cash keras bisa 12 bulan serah terima

Keunggulan Damara Village :
Kawasan lingkungan hijau
sangan\t dekat dengan internasional school
Air listrik bawah tanah
Desain modern minimalis
Dikelilingi fasilitas kesehatan dan pendidikan
7 menit ke Wisata GWK
10 menit ke RS. Udayana
10 menit ke Pantai Jimbaran
20 menit ke Bandara Ngurah Rai
Fasilitas pada Damara Village:
One gate
CCTV
Keamanan 24 jam
Club' house
Kolam renang
Gym
Communal space
Taman
Jogging track
Area komersial
Dapatkan Promo jika Booking saat launching :
Diskon 60 juta
Semi kithcenset
2 AC ( 1pk )

Segera ambil kesempatan miliki hunian impian

Informasi lebih lanjut hubungi:
Hub : Hendrazat Billions
08111787922

wa.me/628111787922
www.linktr.ee/hendrazat"
17,01/04/21,https://www.rumah.com/listing-properti/dijual-di-jual-rumah-minimalis-di-kori-nuansa-jimbaran-oleh-arul-17570992,875,Bali,100,65,2,1,0,0,1,0,2200,SHM,Di jual rumah minimalis di Kori Nuansa jimbaran,"Di Jual Rumah Baru Minimalis Di Kori Nuansa, Jimbaran
Di Jual rumah di komplek Kori Nuansa - Jimbaran, Akses jalan yang lebar, Kondisi rumah baru, dekat dengan pasar ataupun supermarket.
Terdiri dari 2 kamar tidur, 1kamar mandi.
Harga 875 juta.

Hubungi saya untuk info detail"
18,01/04/21,https://www.rumah.com/listing-properti/dijual-rumah-stile-villa-di-kawasan-jl-pantai-berawa-canggu-kuta-utara-badung-oleh-muh-farkhan-yuni-putranto-18424065,1950,Bali,110,165,3,2,1,0,1,0,2200,SHM,"Rumah stile villa di kawasan jl pantai berawa / canggu Kuta Utara , Badung","Dekat Dengan Pantai Berawa
Posisi hook

Lokasi sangat strategis .
Dekat dengan pantai berawa
- pasar pagi
- tempat kuliner
- tempat ibadah
- sekolah
- supermarmaket dll
Luas Tanah 110m²
Luas bangunan -+ 165m²
Bangunan dua lantai
Hadap ketimur

Sertipikat Hak Milik & IMB

Terdiri :
3 + 1 Kamar tidur / sataf
2 kamar mandi
Ruang tamu , Ruang keluarga , dapur 2 + khicenset , balkon , carpot , teras / garden
Listrik 2200 watt
Air pdam / jet pam tandon air
Akses jl 7 meter aspal
IDR : 1950M


HANYA UNTUK PEMBELI YANG SERIUS"
19,01/04/21,https://www.rumah.com/listing-properti/dijual-rumah-baru-2-lantai-di-taman-griya-oleh-chito-18423707,550,Bali,42,45,2,1,0,0,1,0,1300,SHM,RUMAH BARU 2 LANTAI DI TAMAN GRIYA,"Lingkungan Sangat Baik
DIJUAL RUMAH BARU 2 LANTAI DI TAMAN GRIYA

L. Bangunan 45
L. Tanah 42
Kamar tidur 2
Kamar mandi 1
Garasi
Pam
Listrik 1300

Harga 550,000,000"
20,01/04/21,https://www.rumah.com/listing-properti/dijual-nuansa-baliku-property-oleh-ida-bagus-kade-wisnawan-18248054,1450,Bali,149,110,2,2,0,0,1,1,2200,SHM,Nuansa Baliku Property,"Turun Harga Rumah Style Vila Di Mumbul Nusa Dua
Dijual rumah cantik terawat sekali, rumah siap huni tinggal masuk,

Rumah dilingkungan elit dan akses kemana2 objek wisata dan dekat keperbelanjaan

Perum Terrace Mumbul

• LT : 149m2
• LB : 108m2
• KT : 2
• KM : 2
• Carport
• Garasi
• PDAM
• TV Cable
• Listrik 2200watt
• Space Untuk Kolam Renang
• Kebun
• SHM
• IMB

Harga 1.450.000.000 nego langsung owner

Rumah dengan pemandangan view indah, dan disediakan space kolam renang akan layak seperti villa hunian nyaman dan aman,
Dilengkapi semi furnish seperti ac lemari san beberapa lainnya

Lokasi sangat bagus di daerah MUMBUL NUSA DUA BELAKANG HOTEL AMAROSA kawasan villa-villa elite

• Jarak masuk tol bali mandara 5 menit
• Airport ngurah rai 20 menit
• Pantai pandawa 15 menit
• Pantai melasti 15 menit
• GWK 15 menit
• Dekat water blow
Akses jalan papasan mobil.

081236664272 ( wa ) Baca Lebih Sedikit"
21,01/04/21,https://www.rumah.com/listing-properti/dijual-rumah-kertadelam-sidakarya-oleh-adit-setiawan-18425193,850,Bali,77,45,2,1,0,0,1,1,1300,SHM,Rumah kertadelam sidakarya,"Komplek Perumahan
 Dijual rumah kertadalem sidakarya
 Lantai 1
 Luas tanah 77m2
 Luas bangunan 45m2
 2 Kamar tidur
 1 Kamar mandi
 Ruang tamu
 Dapur
 Halaman
 Garase
 Listrik 1300 Watt
 Sumber air sumur bor
 Shm
 Imb
 Akses jalan 6 meter
 27
 
 Harga 850 juta"
22,01/04/21,https://www.rumah.com/listing-properti/dijual-tukad-badung-renon-denpasar-oleh-bonny-dwi-laksmono-18425114,1750,Bali,100,180,4,3,0,0,1,1,4400,SHM,"Tukad Badung, Renon Denpasar","Dijual Rumah 2 Lt 180/100 Strategis 1 M-An Di Tukad Badung, Renon
 Dijual Rumah di kawasan Elite Renon, di Tukad Badung, Renon Denpasar
 
 Spesifikasi :
 Luas Tanah 100 m2
 Luas bangunan +/- 180m2
 Status SHM + IMB lengkap
 Listrik 4400 W
 Air sumur bor
 Menghadap ke Selatan, Lokasi Strategis
 Harga hanya 1,75 M
 2 Lantai
 - Ruang tamu
 - 4 Kamar Tidur
 - 3 Kamar Mandi
 - Dapur + Ruang Kulkas
 - Space mesin cuci
 - Mesin Pompa Air (Sumur Bor)
 - Ruang Keluarga
 - Ruang Kerja
 - Teras atas / Balcone
 *DIJUAL FULLY FURNISHED*
 
 Rumah Bersih, Lingkungan tenang, Tidak Bajir, Sangat Aman dan Nyaman."
23,01/04/21,https://www.rumah.com/listing-properti/dijual-rumah-mewah-modern-minimalis-di-gatsu-tengah-dekat-nangka-suli-bedahulu-taman-kota-lumintang-ayani-oleh-agung-bagus-18425017,1650,Bali,133,180,4,3,0,0,0,2,3500,SHM,Rumah Mewah Modern Minimalis Di Gatsu Tengah Dekat Nangka Suli Bedahulu Taman Kota Lumintang Ayani,"Rumah Mewah Di Gatsu Tengah Dkt Nangka Suli Bedahulu Lumintang Ayani
 Dijual Rumah Mewah Moderen Minimalis di Kawasan Jalan Gatot Subroto Tengah Denpasar Utara - Bali.
 Lokasi Strategis dekat Nangka, Suli, Bedahulu Taman Kota Lumintang.
 Dan Dekat ke berbagai Fasilitas Umum spt : Rumah Sakit, Hotel, Sekolah, Pusat Perbelanjaan dll. ltf
 
 `Bangunan Lantai 2
 `Luas Tanah 133 m2
 `Luas Bangunan 180 m2
 `Hadap Selatan
 `4 Kamar Tidur
 `3 Kamar Mandi
 `Ruang Tamu
 `Dapur + Kitchen set
 `Garase muat 2 mobil
 `AC
 ` Sumber Air PDAM
 `Listrik 3500 watt
 `Akses Jalan 7 meter aspal
 `SHM dan IMB
 
 # Harga 1,650 M NEGO #
 ( KHUSUS UNTUK PEMBELI YANG SERIUS )
 
 HUBUNGI
 GUNG BAGUS
 081337338004
 085100498804"
24,01/04/21,https://www.rumah.com/listing-properti/dijual-4-bedrooms-rumah-denpasar-utara-denpasar-bali-oleh-rani-pratiwi-18083599,925,Bali,100,150,4,2,0,0,1,1,1300,SHM,"4 Bedrooms Rumah Denpasar Utara, Denpasar, Bali","Rumah 2 Lt Type 150/100 Di Ahmad Yani, Denpasar Utara
 Update harga
 
 Dijual rumah 2 lt type 150/100 di Ahmad Yani, Denpasar Utara
 
 LT 100 m2
 LB 150 m2
 4 KT
 2 KM
 Carport dan Garasi
 Listrik 1300 W
 Sumber air sumur bor
 Kondisi unfurnished
 SHM + IMB
 Bangunan tahun 2003, sudah direnov 2019
 
 Harga jual 925 jt nego
 
 https://youtu.be/uLnwHptBe4k"
25,01/04/21,https://www.rumah.com/listing-properti/dijual-rumah-mewah-full-furnish-ada-pool-di-pura-demak-teuku-umar-barat-dekat-magendradatta-imam-bonjol-gun-oleh-agung-bagus-18424944,3500,Bali,200,214,3,3,1,1,1,1,5500,SHM,Rumah Mewah Full Furnish Ada Pool Di Pura Demak Teuku Umar Barat Dekat Magendradatta Imam Bonjol Gun,"Rumah Mewah Ada Pool Di Pura Demak Teuku Umar Barat Dkt Mahendradatta
 Dijual Rumah Mewah Ada Pool & Fully Furnish Di Kawasan Jalan Pura Demak Teuku Umar Barat Denpasar Bali.
 Lokasi Sangat Strategis Dekat Mahendradatta, Imam Bonjol, Gunung Soputan, Kuta.
 
 - Luas Tanah 200 m2
 - Luas Bangunan 214 m2
 - Hadap Utara
 - Listrik 5.500 kwh
 - Akses jalan 6 meter
 - SHM
 
 3 Kamar Tidur lengkap dgn tmpt tidur, nakas dan ac, 2 kamar mandi (1 di dlm kamar utama)
 1 kmr art, kmr mandi art, 1 gudang
 Kolam Renang 4x6 m
 Kamar mandi sblh kolam renang
 Pool deck kayu ulin/kayu besi
 1 carport dan 1 garasi
 Kusen dan daun pintu kayu merbau tinggi 3m
 
 Lengkap furniture:
 1. Sofa set ruang tamu
 2. Sofa set ruang kel
 lantai 1
 3. Sofa set ruang kel
 lantai 2
 4. 1 set Meja Makan
 5. 3 smart tv merk
 samsung (45' 1 unit,
 42' 2 unit)
 6. Kitchen set berikut
 kompor tanam merk
 modena, penghisap
 debu merk modena,
 microwave merk
 modena
 7. 2 kulkas (1 kulkas 2
 pintu merk samsung
 & 1 kulas 1 pintu
 merk LG)
 8. Dispenser merk
 Polytron
 9. Bufet bawah tangga
 10. Meja Konsul
 11. 2 Lemari Drawer
 12. Kursi reclining
 13. 2 kursi bulat
 14. Mesin cuci merk
 Samsung
 15. 3 spring bed
 16. 3 unit AC merk
 Daikin
 17. Water Tank
 18. Lemari pakaian
 setiap kamar
 19. 2 Meja rias (kmr
 utama dan kmr
 anak)
 20. 2 set meja belajar
 21. 2 kipas angin
 23. Kursi Pijat merk
 Advance
 24. 3 meja tv
 25. 2 set kursi teras
 26. 3 karpet
 27. Lemari kaca
 display
 
 ## HARGA 3.5M NEGO ##
 ( KHUSUS UNTUK PEMBELI SERIUS )
 
 HUBUNGI,
 GUNG BAGUS
 081337338004
 085100498804"
26,02/04/21,https://www.rumah.com/listing-properti/dijual-3-bedrooms-rumah-denpasar-barat-denpasar-bali-oleh-putu-cahya-eka-yanti-18427655,825,Bali,120,100,3,1,0,0,1,0,2200,SHM,"3 Bedrooms Rumah Denpasar Barat, Denpasar, Bali","Dijual Rumah Lokasi Monang Maning Denpasar Buc
 Dijual rumah di Monang Maning, Denpasar.
 Lokasi dekat dengan fasilitas umum
 
 Luas tanah 120 m2
 Luas bangunan 100 m2
 3 KT
 1 KM
 Gudang
 AC
 PAM
 Listrik 2200 watt
 Wifi
 Carport 1 mobil
 SHM & IMB masih global
 
 - 5 menit ke RS Bali Med
 - 25 menit ke Bandara Ngurah Rai
 - 15 menit ke Kerobokan
 
 Harga jual 825 jt"
27,02/04/21,https://www.rumah.com/listing-properti/dijual-3-bedrooms-rumah-denpasar-utara-denpasar-bali-oleh-putu-cahya-eka-yanti-18427649,1900,Bali,245,250,3,3,0,0,1,0,1300,SHM,"3 Bedrooms Rumah Denpasar Utara, Denpasar, Bali","Dijual Rumah Siap Huni 2 Lantai Di Daerah Patih Nambi Ubung Denpasar
 Dijual rumah siap huni 2lt didaerah patih nambi Ubung, Denpasar Utara
 LB 250
 LT 245
 3 KT
 3 KM
 Carport
 2 lantai
 Listrik 1300 watt
 Orientasi hadap barat
 
 SHM
 
 Lokasi sangat strategis karena berada di dalam kompleks perumahan dan posisi rumah berada di pojok jadi depan rumah bisa jadi tempat parkir lagi . Lingkungan perumahan yg rapi serta akses lingkungan yg baik dengan lebar jalan 5 meter paving.
 
 Rumah ini cocok untuk hunian keluarga yg memerlukan suasana yg ramah dan tenang.
 
 Harga Rp. 1,9M Nego tipis
 
 Membantu proses KPR bank :
 BCA, CIMB Niaga , Mandiri dan Permata, BPR Lestari"
28,01/04/21,https://www.rumah.com/listing-properti/dijual-dijual-rumah-purimas-cluster-gianyar-siap-huni-oleh-alan-sunando-18424546,1100,Bali,96,96,3,2,1,0,1,0,,SHM,"Dijual Rumah Purimas cluster Gianyar, Siap Huni","Dijual Rumah Purimas Cluster Gianyar, Siap Huni
 Luas tanah: 6m x 16m : 96
 
 Luas bangunan: -+96 m2
 full bangunan belakang 1,5 lantai atas.
 
 KT : 2 + 1 di loteng
 KM : 2
 Hadap : utara
 Sertipikat : SHM
 
 Harga :1.1M nego"
29,02/04/21,https://www.rumah.com/listing-properti/dijual-rumah-di-guwang-bali-oleh-lisa-tanoko-18314081,489,Bali,56,40,2,1,0,0,1,0,1300,SHM,RUMAH DI GUWANG BALI,"Rumah Dijual Di Bali Minimalis Modern
 Lagi cari rumah murah dekat kota Denpasar? Ini saja !! Lokasi strategis dekat pantai ketewel dan By Pass Ida Bagus Mantra yang artinya dekat ke Denpasar/Nusa Dua juga ke area Karangasem Bali !! Segera Miliki sekarang juga!! UNIT TERBATAS!!
 
 Spesifikasi:
 40 m2 Luas Bangunan
 56 m2 Luas Tanah
 1 Lantai
 2 Kamar Tidur
 1 Kamar Mandi
 Dapur
 Ruang Tamu
 Teras
 1300 W Listrik
 Garasi
 Sumur Bor
 SHM
 IMB
 5 m Lebar Jalan Gang
 Unfurnished
 
 Sell Point:
 5 menit ke Bypass Ida Bagus Mantra
 5 menit ke panti ketewel
 29 km ke Bandara Ngurah Rai
 100m indomaret guwang"
30,02/04/21,https://www.rumah.com/listing-properti/dijual-rumah-di-batubulan-bali-oleh-lisa-tanoko-18314250,970,Bali,122,100,4,2,0,0,0,0,1300,SHM,RUMAH DI BATUBULAN BALI,"Dijual Rumah Di Bali Lokasi Strategis
 Ingin punya rumah yang dekat ke pusat-pusat kota di Bali? Ini dia pilihannya!! Siap Huni!! Dijual Rumah 2 lantai di Batubulan lokasi strategis dekat ke Kota Denpasar, Jimbaran, Kuta atau Gianyar! Dekat juga ke Terminal Bus Ubung! Area rumah nyaman dan aman bagi keluarga anda ! Miliki Sekarang !!
 
 Alamat: Batubulan, Sukawati, Gianyar, Bali
 Harga: Rp 970.000.000 (Nego)
 
 Spesifikasi:
 100 m2 Luas Bangunan
 122 m2 Luas Tanah
 2 Lantai
 4 Kamar Tidur
 2 Kamar Mandi
 Dapur
 Ruang Tamu
 Teras lantai 1
 Balkon lantai 2
 1300 W Listrik
 Garasi
 Kebun
 Sumur Bor
 SHM
 IMB
 Unfurnished
 
 Sell Point:
 5 menit ke Denpasar
 30 menit ke Pantai Sanur dan sekitarnya
 60 menitan ke Bandara Ngurah Rai
 30 menit ke Terminal Ubung
 10 menit ke RSU Premagana"
31,02/04/21,https://www.rumah.com/listing-properti/dijual-rumah-taman-nuansa-tjampuhan-oleh-john-t-16501975,525,Bali,100,60,3,1,0,0,0,0,1300,SHM,Rumah Taman Nuansa Tjampuhan,"Rumah Di Luar Kasi Strategis Harga Terjangkau Di Bali
 PERUMAHAN DI JALAN RAYA Prof. Dr. I B MANTRA
 
 1. Strategic Access :
 ▪2 menit ke Pantai Saba
 ▪5 menit ke RS Kasih Ibu
 ▪5 menit ke Kota Gianyar
 ▪5 menit ke Taman Safari Bali
 ▪7 menit ke Bali Zoo Park
 ▪10 menit ke Ubud
 ▪10 menit ke Sanur
 ▪15 menit ke Kota Denpasar
 ▪40 menit ke Bandara Ngurah R"
32,02/04/21,https://www.rumah.com/listing-properti/dijual-rumah-taman-nuansa-tjampuhan-oleh-john-t-16501231,450,Bali,100,36,2,1,0,0,1,0,1300,SHM,Rumah Taman Nuansa Tjampuhan,"Rumah Cantik Dilokasi Bypass Bali
 PERUMAHAN BAGUS DAN MURAH DI JALAN RAYA Prof. Dr. I B MANTRA
 
 1. Strategic Access :
 ▪2 menit ke Pantai Saba
 ▪5 menit ke RS Kasih Ibu
 ▪5 menit ke Kota Gianyar
 ▪5 menit ke Taman Safari Bali
 ▪7 menit ke Bali Zoo Park
 ▪10 menit ke Ubud
 ▪10 menit ke Sanur
 ▪15 menit ke Kota Denpasar
 ▪40 menit ke Bandara Ngurah R"
33,02/04/21,https://www.rumah.com/listing-properti/dijual-perumahan-murah-lokasi-ida-bagus-mantra-oleh-i-wayan-indra-setiawan-d-18371980,297,Bali,70,25,1,1,0,0,0,0,,SHM,Perumahan Murah lokasi Ida Bagus Mantraar Bali,"Dijual Villa Baru Di Katiklantang - Ubud Gianyar BaliPerumahan Murah Meriah Lokasi Ida Bagus Mantra
 Satu Hunian nyaman tenteram berlokasi Strategis dengan HARGA TERJANGKAU
 
 PERUMAHAN DI JALAN RAYA Prof. Dr. I B MANTRA
 
 Access :
 - 1 menit ke Pantai Lepang
 - 5 menit ke Klungkung Kota
 - 10 menit ke RS Internasional ""Kasih Ibu""
 - 20 menit ke Padang Bai
 - 30 menit ke Kota Denpasar
 - 50 menit ke Bandara Ngurah Rai
 
 NOW ON SALE : Bangunan 1-Lantai
 → Type 36/100 m², 2 KT 1 KM
 Harga Rp 445 juta
 → Type 36/ 75 m², 2 KT 1 KM
 Harga Rp 370 juta
 → Type 36/ 70 m², 2 KT 1 KM
 Harga Rp 345 juta
 → Type 25/ 70 m², 1 KT 1 KM
 Ada space nambah 1 KT lg
 Harga Rp 297 juta, sudah
 terbangun
 
 → Ready stok type 36/100 m² ( 6 unit )
 + Kavling pinggir sungai ( 325 juta, 4 unit )
 
 Tanah kavling saja, harga 325 jt/are.
 
 SISTEM PEMBAYARAN
 a. Tanda jadi Rp 5.000.000 dilanjutkan proses BI Check
 b. Setelah lolos BI Checking, (maks 1 minggu kemudian)
 lanjut Downpayment 30% dapat diangsur 6 kali, (DP - Tanda Jadi/6)
 c. Setelah DP 30% Lunas, dilanjutkan dengan Pengurusan KPR
 
 HARGA TERMASUK :
 - PAJAK (PPN & BPHTB)
 - Biaya Sertifikat IMB
 - Biaya Instalasi Listrik
 - Biaya Instalasi Air
 
 HARGA TIDAK TERMASUK
 - Biaya Pengurusan KPR
 Dijual Villa Baru di Katiklantang - Ubud Gianyar Bali
 
 Luas Tanah 400 m2
 3 kamar Tidur
 4 kamar Mandi
 Listrik : 5500
 Air : sudah ada sumur bor
 IMB rumah tinggal
 Jalan 5 meter hotmik
 7 menit dari jembatan campuhan
 2 menit dari restaurant terdekat
 15 menit menuju Green school
 Full Furnished
 Harga 5,7 Milyar Nego
 
 Info Lebih Lanjut Hubungi :
 FITRI DENA
 0812-8806-3838
 
 Jika anda butuh titip Sewa/Jual Apartemen, Rumah, Ruko, Gedung dan Tanah Bisa hubungi saya, Saya siap bantu memasarkan unit anda."
34,02/04/21,https://www.rumah.com/listing-properti/dijual-rumah-minimalis-lokasi-batubulan-oleh-i-wayan-indra-setiawan-d-18356740,666,Bali,81,55,3,1,0,0,1,0,1300,SHM,Rumah Minimalis Lokasi Batubulan,"Rumah Minimalis Harga Miring Lokasi Batubulan
 Rumah Minimalis Tipe 55/81 di Perumahan Dewi Sri Batubulan.
 3 kamar tidur, 1 kamar mandi, ruang keluarga, dapur, ruang jemur, carport, listrik 1300kwh, sumur bor, instalasi AC, pagar keliling.
 
 Free Biaya surat notaris dan pajak.
 
 Harga 666 jt nego.
 
 Bisa Cash atau Kredit."
35,02/04/21,https://www.rumah.com/listing-properti/dijual-damara-village-jimbaran-hijau-bali-fasilitas-terlengkap-di-kuta-selatan-oleh-ursula-monica-s-a-18070345,1572,Bali,105,69,2,2,0,0,1,1,2200,SHM,Damara Village Jimbaran Hijau Bali Fasilitas terlengkap di Kuta Selatan,"Banyak Untungnya Investasi Di Bali
 Pulau Dewata Bali sebagai Pulau paling populer di Indonesia dan dinobatkan sebagai destinasi terbaik dari 25 tujuan wisata di dunia. Penobatan ini diumumkan oleh situs terkemuka di dunia, TripAdvisor sebagai The World’s Best Destination with Travelers Choice 2017.
 
 Damara Village Jimbaran Hijau Bali, rumah 2 lantai, investasi terbaik yang layak untuk dimiliki sebagai hunian tempat tinggal, dan sebagai aset yang bisa disewakan bagi para wisatawan.
 
 Tahap 1 sold out, so... jangan kehabisan untuk tahap 2 nya.
 
 Damara Village Jimbaran Hijau Bali satu-satunya cluster dengan fasilitas terlengkap di Kuta Selatan, development by Greenwoods dan Jimbaran Hijau
 
 Easy Access To Everywhere
 • 1 menit ke Asian Intercultural School by Gandhi School
 • 5 menit ke GWK Cultural Park
 • 5 menit ke Udayana University
 • 5 Menit ke Samasta Lifestyle Village
 • 5 menit ke Ayana Resort & Rockbar
 • 7 menit ke Jimbaran Beach
 • 15 menit ke Ngurah Rai Airport
 • 15 menit ke Toll Bali Mandara
 • 15 menit ke OMNIA
 
 FACILITIES
 • Club House
 • Swimming Pool
 • Gym
 • Communal Space
 • Playground
 • Retail Shop
 • Jogging Track
 • Keamanan 24 jam
 
 Type pilihan unit
 • Damita
 Luas tanah: 105, Luas bangunan: 69
 • Damita Signature
 Luas tanah: 110, Luas bangunan: 69
 • Daksa
 Luas tanah: 125, Luas bangunan: 100
 
 Promo menarik
 • Harga sudah termaksud PPN
 • Free pengurusan legalitas (AJB, BBN, PNBP, ZNT, Notaris) (Exclude BPHTB)
 • Free biaya HGB ke SHM
 • Free akomodasi / Cash Back 15Jt
 
 Saatnya berinvestasi di tempat yang tepat dan menguntungkan.
 
 
 More info:
 Ursula Monica 087874248517 (WA)
 
 LIMITED OFFER"
36,02/04/21,https://www.rumah.com/listing-properti/dijual-damara-village-jimbaran-tipe-damita-kpr-dp-ringan-suku-bunga-rendah-free-biaya-surat-surat-oleh-andriko-18427410,1613,Bali,105,69,2,2,0,0,1,0,2200,SHM,"DAMARA VILLAGE JIMBARAN Tipe Damita, KPR DP Ringan Suku Bunga Rendah Free Biaya Surat-Surat","Kpr Damara Village Jimbaran Tipe Damita Bunga Rendah Free Biaya Surat
 Promo DAMARA VILLAGE JIMBARAN, tipe Damita (69/105) :
 - FREE BIAYA SHM*
 - FREE BIAYA SURAT*
 - Biaya akomodasi/Cashback 15 juta.
 
 Harga KPR DAMARA VILLAGE JIMBARAN tipe Damita Rp 1.613.600.000,- DP bisa 10%, dengan promo BCA suku bunga mulai dari 2,88%.
 
 Untuk info lebih detail dan konsultasi properti silahkan hubungi :
 Telp/WA 0821-1201-5383 / 0877-7556-1819
 
 Having a dream house is not a dream anymore.
 Find yours with me.
 
 Salam hangat
 Andriko Prastyananta"
37,04/05/21,https://www.rumah.com/listing-properti/dijual-taman-jimbaran-rumah-oleh-hendy-kent-18249582,2500,Bali,264,230,3,2,1,1,1,1,7600,SHM,Taman jimbaran rumah,"Rumah Taman Jimbaran
Rumah Dijual

Alamat : Taman Jimbaran / dekat Kantor Imigrasi Jimbaran
Lebar Jalan : 7 m
Luas Tanah : 264 m2
Luas Bangunan : 230 m2
Dimensi Tanah : 12 m x 22 m
Kamar Tidur : KT Utama = 1
KT Anak = 2
KT Pemb. = 1

Kamar Mandi :
KM dalam = 2
KM luar = 1 KM pemb = 1
IMB : Ada
Air : PDAM
Listrik : 7700 Watt
Parkir Mobil : 2
AC : 3
Kitchen Set : Full
Water Heater : Listrik, Kapasitas 100 Ltr
Tandon air : 1000 Ltr
Atap Garasi : Spandex
Harga Rp. 2,5 M NET
Kent +628113980666
Dko
antar"
38,02/04/21,https://www.rumah.com/listing-properti/dijual-hunian-strategis-area-uluwatu-oleh-agatha-mulyani-18426603,2505,Bali,153,101,3,2,1,1,1,0,N/A,SHM,HUNIAN STRATEGIS AREA ULUWATU,"Hunian Strategis Area Uluwatu
 Hunian minimalis di pusat kota uluwatu, dengan one gate system dan security 24 jam.
 Luas tanah : 153 meter2
 Luas bangunan : 101 meter2
 Type : Dahayu
 
 Fasilitas :
 - 3 kamar tidur + 1
 - 2 kamar mandi + 1
 - carport untuk 1 mobil
 - kolam renang (optional)
 
 Lokasi :
 11 menit menuju Samasta Lifestyle Village
 11 menit menuju Garuda Wisnu Kencana
 12 menit menuju Jimbaran Beach
 20 menit menuju Bandara Ngurah Rai
 
 Minat ? Hubungi :
 Agatha Discovery Property
 08112288788 (WA)
 INSTAGRAM : @agathadiscovery
 
 jual rumah uluwatu bali, dijual rumah di uluwatu bali"
39,02/04/21,https://www.rumah.com/listing-properti/dijual-buc-dijual-rumah-cluster-di-jimbaran-bali-oleh-khoirul-18426439,1600,Bali,126,160,3,3,0,0,1,0,2200,SHM,BUC dijual rumah cluster di jimbaran bali,"Dekat Sekolah, Dekat Macdy, Dekat Bandara
 BUC dijual rumah baru 2 lantai.. progres 1 bulan lagi sudh bisa serah terima..
 luas tanah 128m2..
 bangunan 160m2..
 3 kmar tidur...
 3 kmar mandi..
 carport
 air sumur bor
 
 lokasi perumahan de casa jimbaran bali
 one gate dg security 24 jm
 dekat KFc and macdy
 
 Harga 1.6M Nego"
40,02/04/21,https://www.rumah.com/listing-properti/dijual-dijual-rumah-baru-cluster-one-gate-di-jimbaran-bali-oleh-khoirul-18426431,875,Bali,87,50,2,1,0,0,1,0,1300,SHM,Dijual rumah baru cluster one gate di jimbaran bali,"Dekat Macdy, Dekat Bandara, Dekat Sekolah
 Jual rumah baru.. jimbaran bawah.. cluster one gate elit.. dg security 24 jm..
 Belakang paragon hotel jimbaran..
 Dekat kfc dan macdy.
 Dekat by pass jimbaran
 Airport 10 menit
 
 LT 87m2
 Bangunan 50m2
 2 bedroom
 1 bathroom
 Carport
 Taman
 
 Harga 875jt."
41,01/04/21,https://www.rumah.com/listing-properti/dijual-villa-beach-view-cemagi-mengwi-oleh-efa-rista-18029457,8500,Bali,446,420,3,4,0,0,1,0,13200,SHM,Villa Beach View Cemagi Mengwi,"Dijual Villa Beach View Di Cemagi
Dijual villa mewah view sawah dan pantai. Villa 2 lantai di Cemagi .
150 meter ke pantai mengening.
Terletak di dalam kompleks villa.
Fasum : GYM room, swimming pool umum
20menit ke canggu club.
Kondisi sangat bagus terawat dan fully furnished .
24hours Security system + 9 titik cctc online di setiap sudut wilayah villa .

Status Hak milik( freehold) +
Imb split 2014

Lt 446m2
Lb 420m2
Kt 3
Km 4
Listrik 13.000 watts
Pdam
Swimming pool 5 x 10
Laundry room
Maid room
Hadap barat daya
Fully furnished
Ada wifi
Biaya security, sampah, banjar, management gym, swimming pool umum fee +- 2.500.000,-
Harga 8.500.000.000"
42,30/03/21,https://www.rumah.com/listing-properti/dijual-sunset-road-oleh-meirina-rajianto-18416369,1500,Bali,84,120,3,2,0,0,1,0,2200,SHM,Sunset road,Dijual Sunset Town House Jl Pura Merta Sari Sunset Road
43,26/03/21,https://www.rumah.com/listing-properti/dijual-3-bedrooms-rumah-kuta-kuta-bali-oleh-felix-wijaya-17863634,1500,Bali,125,112,3,2,0,0,1,0,2200,SHM,"3 Bedrooms Rumah Kuta, Kuta, Bali",Rumah Furnished Di Ungasan Bali
44,26/03/21,https://www.rumah.com/listing-properti/dijual-rumah-dengan-view-sawah-di-daerah-kuta-bali-oleh-steven-tan-18379786,4000,Bali,148,270,4,4,1,0,0,0,6600,SHM,Rumah dengan view sawah di daerah Kuta Bali,Di Jual Rumah Minimalis Modern Pemogan
45,29/03/21,https://www.rumah.com/listing-properti/dijual-dijual-villa-bagus-di-klungkung-bali-oleh-s-yanti-17947274,4000,Bali,300,200,3,4,1,0,1,0,7700,SHM,"Dijual Villa Bagus di Klungkung, Bali","Dijual Villa Bagus Di Klungkung, Bali"
46,02/04/21,https://www.rumah.com/listing-properti/dijual-buduk-oleh-aphroditia-ws-18010842,550,Bali,68,45,2,1,0,0,1,0,1300,SHM,Buduk,Dijual Rumah Minimalis Perum. graha mulia uma candi
47,26/03/21,https://www.rumah.com/listing-properti/dijual-dijual-rumah-minimalis-view-sawah-abadi-di-buduk-mengwi-dekat-canggu-oleh-natasya-dinar-ratulangi-18378355,850,Bali,114,80,2,1,0,0,1,0,3500,SHM,"Dijual Rumah Minimalis View Sawah Abadi di Buduk, Mengwi, Dekat Canggu","Dijual Rumah Minimalis View Sawah Abadi Di Buduk, Mengwi, Dekat Canggu"
48,31/03/21,https://www.rumah.com/listing-properti/dijual-dijual-villa-di-canggu-north-kuta-bali-oleh-ady-dafa-18411357,2700,Bali,150,200,4,3,0,0,1,0,7700,SHM,Dijual Villa di canggu North kuta Bali,"Dijual Villa Di Canggu North Kuta Bali BERAWA, CANGGU , NORT KUTA - BALI"
49,31/03/22,https://www.rumah.com/listing-properti/dijual-ara-villa-bali-oleh-richardson-leander-18092823,3800,Bali,300,250,4,2,0,0,1,0,5500,SHM,Ara Villa Bali,Dijual Ara Villa Bali Garden View FOR SALE
50,31/03/23,https://www.rumah.com/listing-properti/dijual-wana-segara-kuta-oleh-efa-rista-18412089,28000,Bali,674,1000,3,4,1,0,1,1,23000,SHM,Wana segara Kuta,Dijual Villa On Progress Beach View Di Wanasegara Kuta
51,30/03/21,https://www.rumah.com/listing-properti/dijual-kuta-kabupaten-badung-bali-indonesia-oleh-anie-magdalena-17104425,8700,Bali,1000,800,4,4,0,0,1,0,4400,SHM,"Kuta, Kabupaten Badung, Bali, Indonesia",Lokasi sangat strategis..nyaman..amaan..
52,29/03/21,https://www.rumah.com/listing-properti/dijual-villa-cantik-private-brand-new-kekinian-di-canggu-bali-oleh-alhadhi-pratama-18405889,5100,Bali,192,153,2,3,0,0,1,0,6600,SHM,"Villa Cantik Private Brand New Kekinian di Canggu, Bali",Villa Di Canggu Bali Brand New Villa Private Brand New Kekinian di Lokasi Pariwisata Canggu Bali.
53,28/03/21,https://www.rumah.com/listing-properti/dijual-villa-baru-modern-minimalis-oleh-heny-martini-17760833,12000,Bali,500,550,4,5,0,0,1,0,10000,SHM,Villa Baru Modern minimalis,"Dijual villa sangat terawat baru dengan style minimalis modern di daerah seminyak lingkungan villa, suasana lingkungan yg tenang dan nyaman, lokasi sangat strategis."
54,28/03/22,https://www.rumah.com/listing-properti/dijual-villa-canggu-bali-oleh-tommy-s-17685902,3000,Bali,300,200,3,3,0,0,1,1,3500,SHM,Villa Canggu Bali,Jual Vila Canggu Mengwi Badung Bali Lokasi nyaman view sawah
55,26/03/21,https://www.rumah.com/listing-properti/dijual-ubudbrother-property-oleh-wayan-jaka-18238045,4300,Bali,173,209,3,3,0,0,1,1,3500,SHM,Ubudbrother property,"DIJUAL / DISEWAKAN : Villa Ayu, Seminyak, Kuta Utara"
56,26/03/21,https://www.rumah.com/listing-properti/dijual-jln-puri-gerenceng-tuban-kuta-bali-oleh-aan-afanshy-17292920,6300,Bali,1050,450,4,5,0,0,1,1,7700,SHM,"Jln Puri Gerenceng Tuban Kuta, Bali","Buc Luxury Villa Komersial Di Jln Puri Gerenceng Tuban Kuta, Bali FOR SALE turun dari Rp 7,9milyar"
57,26/03/21,https://www.rumah.com/listing-properti/dijual-villa-legian-very-near-doublesix-beach-kuta-luxury-cozy-villa-oleh-dwi-rastini-18379593,9800,Bali,300,290,3,3,0,1,1,0,n/a,SHM,"VILLA LEGIAN VERY NEAR DOUBLESIX BEACH, KUTA LUXURY COZY VILLA","Very Rare This Location!! FREEHOLD, BIG SALE, BIG CHANCE VILLA LEGIAN VERY NEAR DOUBLESIX BEACH, KUTA LUXURY COZY VILLA"
58,26/03/21,https://www.rumah.com/listing-properti/dijual-dijual-dan-disewa-rumah-murah-dan-strategis-di-ungasan-kuta-selatan-badung-bali-oleh-widiadi-candra-18393847,1500,Bali,112,125,3,2,0,0,1,0,2200,SHM,"DIJUAL DAN DISEWA RUMAH MURAH DAN STRATEGIS DI UNGASAN, KUTA SELATAN, BADUNG, BALI","DIJUAL DAN DISEWA RUMAH MURAH DAN STRATEGIS DI UNGASAN, KUTA SELATAN, BADUNG, BALI HADAP TIMUR"
59,26/03/21,https://www.rumah.com/listing-properti/dijual-dijual-villa-lantai-1-lokasi-jalan-dewi-sri-legian-kuta-bali-oleh-muh-farkhan-yuni-putranto-17910978,11000,Bali,485,300,4,4,0,0,1,1,16000,SHM,Dijual villa lantai 1 lokasi jalan dewi sri legian kuta bali,Dijual Villa Lantai 1 Lokasi Jalan Dewi Sri Legian Kuta Bali Dijual villa lantai 1 lokasi jalan dewi sri legian kuta bali
60,26/03/21,https://www.rumah.com/listing-properti/dijual-villa-spektakuler-los-pantai-spesial-oleh-james-immanuel-17353276,40000,Bali,649,1000,5,5,0,0,1,1,23000,SHM,"Villa spektakuler los pantai, spesial","Villa Spektakuler, Los Pantai Harga BU Dijual villa cantik, view spektakuler, los pantai"
61,04/03/21,https://www.rumah.com/listing-properti/dijual-gardenland-residence-oleh-ngurah-j%C3%B3el-17457908,1350,Bali,105,90,4,3,0,0,1,0,2200,SHM,Gardenland Residence,"Rumah 2 Lantai Di Perumahan Pinggir Jalan Utama Kampial Nusa Dua Bali
GARDENLAND RESIDENCE NUSA DUA BALI

Perumahan eksklusif di Jl raya Kampial Nusa Dua dengan akses perumahan yang lebar dan dekat ke fasilitas dan tempat pariwisata.

Selling point :
- 2 Menit ke Tempat Ibadat 5 Agama
- Supermarket dan pertokon di depan perumahan
- 5 Menit ke Rumah sakit
- 7 s/d 12 menit ke Kampus STP, Pintu tol,ITDC & Pantai
- 20 Menit ke Airport Ngurah Rai

Detail :
- Luas tanah 105 m2
- Luas bangunan 90 m2
- 4 kamar tdr
- 3 kmr mandi
- SHM & IMB
- Garden depan & belakang (3×7)
- L 2200 W & PDAM

Harga Developer Rp.1,750,000,000
Harga dijual Rp. 1,350,000,000 Nego Owner"
62,04/01/21,https://www.rumah.com/listing-properti/dijual-sedang-dibangun-3-unit-villa-di-mumbul-nusa-dua-bali-oleh-ngurah-j%C3%B3el-17001915,1650,Bali,134,130,3,3,0,0,1,0,4400,SHM,Sedang dibangun 3 Unit Villa di mumbul Nusa Dua Bali,"Sedang Dibangun Villa Di Mumbul Estate Nusa Dua Bali
SEDANG DIBANGUN !! 3 unit villa di Kawasan RESORT & EKSPATRIAT di Mumbul estate, Nusa Dua Bali
.
Berlokasi di area Hotel, Villa,Guesthouse & Perumahan dengan akses yang dekat ke Pintu Tol Nusa Dua. Sangat cocok untuk dikomersialkan dan bersebelahan dengan sekolah Paud Billingual. Kawasan ekspatriat yg didominasi bule dan Chinese lokal & asing.
.
TERSEDIA 3 TIPE :
- Tipe 130/134
- Tipe 130/147
- Tipe 130/161
Harga Mulai Rp. 1,650,000,000 Negotiable
.
SPESIFIKASI UMUM :
- 3 Kamar tidur & 3 kamar mandi
- Ruang penerimaan tamu & ruang keluarga
- Dapur
- Halaman depan & belakang
- Kolam renang
- Carport
- Air pdam & L 4400 Watt
- SHM & IMB
.
NOTE :
* Konstruksi 5-6 bulan
* Pembayaran Cash keras | Bertahap selama 6 Bulan | Kredit
* Konsep dalam bisa disesuaikan selama konstruksi belum dimulai utk unit tersebut/ konstruksi baru mencapai 20%
* 1 Showing unit ( unit tipe terkecil ) sedang dibangun, konstruksi sudah 30%"
63,03/03/21,https://www.rumah.com/listing-properti/dijual-2-bedrooms-rumah-nusa-dua-nusa-dua-bali-oleh-putu-cahya-eka-yanti-18427632,1035,Bali,149,108,2,2,0,0,1,0,4400,SHM,"2 Bedrooms Rumah Nusa Dua, Nusa Dua, Bali","Dijual Rumah Modern Minimalis Buc View Laut Di Kawasan Elite Mumbul
UPDATE HARGA!!

Dijual Rumah Modern Minimalis BUC View Laut di Kawasan Elite Terrace Mumbul Nusa Dua, Kuta Selatan, Badung dekat Hotel Amarosa

Lokasi Strategis :
5 menit ke Tol Bali Mandara
10 menit ke Pantai Nusa Dua
20 menit ke Airport Ngurah Rai
20 menit ke Pantai Pandawa
20 menit ke GWK

Spesifikasi :
Bangunan 2,5 Lantai
Lantai 3 terdapat Roof Top View Tol
Luas Tanah 149m2
Luas Bangunan 108m2
Kamar Tidur 2
Kamar mandi 2
Listrik 4400w
Air PDAM
Carport 1 mobil
Garden
Orientasi Hadap Utara
Unfurnish
Lebar Jalan Paving 5 m
Tahun dibangun 2013
SHM & IMB Lengkap

Harga Jual 1,35 M Nett"
64,04/03/21,https://www.rumah.com/listing-properti/dijual-h667-two-beds-house-in-a-private-complex-oleh-ketut-sumartana-16756806,1350,Bali,60,98,2,1,0,0,1,0,2200,SHM,H667 - Two beds house in a private complex,"Two Beds House In A Private Complex
Bahasa Indonesia
Luas tanah: 98 m2
Luas bangunan: 60 m2
Sertifikat Hak milik
Jumlah kamar tidur: 2
Jumlah kamar mandi: 1
Gaya properti: Modern
Jumlah lantai: 1
Dijual dengan furniture
Tahun dibangun: 2015
Sumber air: PDAM
Ukuran meteran PLN: 2.200 KWH
Akses jalan: Aspal
Area komunal: Kolam renang, restoran, taman bermain anak-anak, gym

English
Land size: 98 sqms
Build size: 60 sqms
Freehold
No of bedrooms: 2
No of bathroom: 1
Style of property: Modern
No of floors: 1
Sold furnished
Year built: 2015
Water source: PDAM
Size of PLN meter: 2,200 KWH
Access road: Asphalt
Communal area: Swimming pool, restaurant, kids playground, gym"
65,04/02/21,https://www.rumah.com/listing-properti/dijual-kampial-nusa-dua-oleh-bintang-pranggadita-18218497,645,Bali,100,40,2,1,0,0,1,0,1300,SHM,"Dijual Villa di Bali, Siap pakai /Investasi","Dijual Villa Baru Nusa Dua Bali, Private Pool
Dijual

Villa Baru di Nusa Dua Bali
luas tanah 200m2
luas Bangunan 200m2
Private Villa
Private Pool
Furnish
3 Kamar Tidur
Management by Premier Hospitality
Sistem HGB diatas HPL
30 tahun, opsi perpanjangan 30 tahun lg
Harga permalam sebelum Pandemic 3-5jt/malam
Selalu Full House dengan org asing.

Harga 4,5M Nego

Hub :
William
087883650155"
66,04/03/21,https://www.rumah.com/listing-properti/dijual-dijual-villa-di-bali-siap-pakai-investasi-oleh-william-suryaputra-halimi-18248486,4500,Bali,200,200,3,3,0,0,0,0,,SHGB,"Dijual Villa di Bali, Siap pakai /Investasi","Dijual Villa Baru Nusa Dua Bali, Private Pool
Dijual

Villa Baru di Nusa Dua Bali
luas tanah 200m2
luas Bangunan 200m2
Private Villa
Private Pool
Furnish
3 Kamar Tidur
Management by Premier Hospitality
Sistem HGB diatas HPL
30 tahun, opsi perpanjangan 30 tahun lg
Harga permalam sebelum Pandemic 3-5jt/malam
Selalu Full House dengan org asing.

Harga 4,5M Nego

Hub :
William
087883650155"
67,04/03/21,https://www.rumah.com/listing-properti/dijual-rumah-siap-huni-di-taman-mumbul-nusa-dua-bali-bangunan-2-lantai-rooftop-lt-149-m2-semi-furnished-oleh-teddy-chandra-18130411,1400,Bali,149,108,2,2,0,0,1,0,2200,SHM,RUMAH SIAP HUNI DI TAMAN MUMBUL NUSA DUA BALI-BANGUNAN 2 LANTAI + ROOFTOP-LT:149 M2-SEMI FURNISHED,"Rumah Siap Huni Di Taman Mumbul Nusa Dua-Harga Dibawah Pasaran
JUAL MURAH............................
HARGA DI BAWAH PASARAN..............................

Dijual Rumah semi Villa di Taman Mumbul Nusa Dua, Bali.
Lokasi dekat ke pantai serta berada di area Villa & Hotel.
Lingkungan rumah sangat nyaman, memiliki view laut yg bisa dilihat dari rooftop.
Pencahayaan dan sirkulasi udara di rumah ini sangat baik.

▶️ Lokasi Strategis:
- 2 menit ke Area Pertokoan & Bank
- 3 menit ke Tol Nusa Dua
- 5 menit ke Pantai( ITDC)
- 15 menit ke Bandara

▶️ Luas Tanah:149 m2
▶️ Luas Bangunan: 108,47 m2
▶️ Bangunan 2 Lantai + Rooftop
▶️ Gazebo
▶️ K.Tidur: 2
▶️ K.Mandi:2
▶️ Dapur
▶️ R.Tamu & R.Keluarga
▶️ Taman Depan
▶️ Taman samping bisa u/ S.Pool
▶️ Semi furnished
▶️ SHM + IMB
▶️ Harga : Rp 1,4 Milyard

More Info:
TEDDY
0878 6504 8525
0878 8437 5535"
68,03/04/21,https://www.rumah.com/listing-properti/dijual-rumah-perumahan-mirah-hati-oleh-wei-sin-17431540,1800,Bali,136,100,2,1,0,0,1,0,450,SHM,Rumah perumahan mirah hati,"Rumah Perumahan Mirah Hati
Rumah Mirah hati , bali"
69,2/4/2021,https://www.rumah.com/listing-properti/dijual-pecatu-oleh-efa-rista-18286397,8800,Bali,635,850,6,6,0,0,4,0,6600,SHGB,Pecatu,"Dijual Villa Sahadewa Di Pecatu
Dijual Villa Sahadewa di Kawasan Pecatu

SHGB IMB 2013
View Kolam renang, laut dan Jimbaran
LT 635m²
LB 850m²
KT 5+1
KM 5+1
PDAM
Listrik 6600w
One gate
Akses jalan 6m
Hadap selatan
Non furnished
Harga 8.8M nego

Fasum swimming pool 30 x 10meter
dg akses khusus menuju pool ."
70,04/02/21,https://www.rumah.com/listing-properti/dijual-limited-private-villatel-dengan-eksklusif-view-dikelola-profesional-hideaway-villa-bali-oleh-dicky-17314462,2300,Bali,76,65,1,1,0,0,2,0,2200,SHM,Limited! Private Villatel dengan Eksklusif View Dikelola Profesional - HIDEAWAY VILLA BALI,"Limited!!Private Villatel Dengan Eksklusif View -- Hideaway Villa Bali
Why HIDEAWAY Villas Uluwatu? * :

– Safe Investment, Track record * (Hideaway Villas already built in 2015 and successfully operated untill now)
– There is no partnership in Ownership
– Freehold ( SHM )
– STRATEGIC Location
- Building Floor: 1 floor
- Condition: New (Ready Unit)
- Construction Year: 2015
- Sudah beroperasi sejak 2016
- Unit bangunan sudah 100% JADI

- Facilities :
Kitchen, Living room, Garden, Toilet, Public parking, Kitchen set, One gate system, 24/7 security, tv cable, telephone, internet, dining room, generator, water treatment plan, private swimming pool , full furniture

*Keunggulan :
- Kualitas dan Pelayanan Bintang 4
- Sertifikat Hak Milik
- Investasi yang aman dan menguntungkan- Ready Unit
- 21 Point Free Stay / tahun
- Fleksibilitas tinggi (Dapat diserahkan kepada operator untuk disewakan atau ditempati sebagai residensial kapan saja)
- 100% Keuntungan dibagikan ke masing-masing Pemilik Villa
- Access Road 5 meters
- Premium location, close to :
-Dreamland Beach (5 minutes from Hideaway Villas)
-Melasti Beach ( 8 minutes from Hideaway Villas)
-GWK (Garuda Wisnu Kencana Cultural Park) (10 minutes from Hideaway Villas)
And many more (Pandawa beach, Uluwatu, Jimbaran, New Kuta Golf,Ngurah Rai Airport)
- Sudah SOLD OUT 95 %

Type unit Villa :
*1 Bedroom Pool Villa
- Luas Tanah 126 m2
- Luas Bangunan 93 m2
- Full Furnished
- Kolam Renang Pribad
i- Kebun dekat kolam renang
- Harga Rp 2,9 M

*2 Bedroom Pool Villa
- Luas Tanah 188 m2
- Luas Bangunan 127 m2
- Full Furnished
- Kolam Renang Pribadi
- Kebun dekat kolam renang
- Harga Rp 3,9 M

*Suite Villa
- Luas Tanah 76 m2
- Luas Bangunan 65 m2
- Full Furnished
- Kolam Renang Pribadi
- Kebun dekat kolam renang
- View Eksklusif
- Harga Rp 2,3 M
-
Sudah SOLD OUT 95 %


PAYMENT :
-HARD CASH 100%
- SOFT CASH --CASH BERTAHAP
-KPR - DP 30%.
dll

Stock Terbatas / Limited

Untuk info lebih lanjut dapat menghubungi No. Hp/ Whatasapp : 081-75016884 -->Dicky"
71,30/03/21,https://www.rumah.com/listing-properti/dijual-rumah-cantik-dan-homestay-fully-furnished-di-pecatu-kuta-selatan-oleh-denis-18404998,3850,Bali,300,230,5,5,0,0,2,0,5500,SHM,Rumah Cantik dan Homestay Fully Furnished di Pecatu Kuta Selatan,"Rumah Dan Homestay
Homestay dan rumah ini berlokasi di Jalan Raya Uluwatu, Pecatu (hanya masuk 200 meter dari jalan utama). Terletak di area yang tenang, lingkungan villa expat.

SHM dan IMB Pondok Wisata

Bentuk tanah L

Tanah seluas 100 m² (memanjang) digunakan sebagai rumah dengan livingroom, 1 kamar tidur, 1 kamar mandi, kitchen dan garasi.

Tanah seluas 200 m² (melebar) digunakan sebagai homestay yang terdiri dari 4 kamar tidur dengan kamar mandi di dalam. Terdapat juga swimming pool, dapur bersama, living room dan gazebo (di lantai 2) untuk homestay. Tersedia garasi muat untuk 1 mobil dan beberapa motor.

1 Lantai
Luas Tanah 300 m²
Luas Bangunan 230 m²
Struktur bangunan sudah di dak untuk fondasi lantai 2 (sudah masuk di IMB)

Akses jalan 5 meter paving dari depan homestay sepanjang 200 meter sampai ke jalan utama (6 meter aspal)

Fully Furnished

Harga Jual :
3,85 Milyar

Informasi Lebih Lanjut :
Dennis Sembiring - LJ Hooker Nusa Dua"
72,03/03/21,https://www.rumah.com/listing-properti/dijual-villa-termurah-di-sanur-bali-oleh-agung-gandhy-17791675,1900,Bali,125,180,3,3,0,0,0,1,3500,SHM,Villa termurah di sanur bali,"Villa Murah Sanur
Dijual rumah model villa minimalis modern full furniture daerah kawasan jl sedap malam strategis dekat sanur dekat renon lingkungan perumahan
Spesifikasi
Luas tanah 125m²
Luas bangunan 180 m²
Kamar tidur 3
Kamar mandi 3
Ruang tamu
Dapur
Kolam renang
Garase
Akses jl 5 mtr
Listrik 3500 watt
Sumber air sumur bor
Hadapi selatan
Shm IMB
Harga 1.9M nego langsung pemilik
Ads"
73,04/03/21,https://www.rumah.com/listing-properti/dijual-rumah-townhouse-di-sanur-denpasar-bali-oleh-mariana-praja-17532824,745,Bali,70,55,2,2,0,0,1,0,2200,SHM,"RUMAH TOWNHOUSE DI SANUR, DENPASAR, BALI","Hunian Murah Dan Strategis Di Sanur
Sanur TownHouse

DP 79 jutaan bisa punya rumah di Sanur Denpasar Kota

Kawasan yang sudah banyak tinggal Expatriat serta Villa Villa Elite, baik Tetangga, Lingkungan sudah terbentuk dan Lebar Jalan 5 meter Aspal

Lokasi di Jl. Tunjung Sari - Sanur Kauh - Denpasar Selatan (dekat Villa Semut Merah)
Aksesnya bisa masuk dari beberapa Spot seperti Tukad Balian atau dari Jl By Pass ke Arah Danau Tondano dan masih banyak akses lainnya.

Kelebihan Secara Lokasi

5 menit dari Jalan By Pass
6 menit ke Pantai Sanur
7 menit ke Pantai Padang Galak Taman Festival
7 menit ke Renon Pusat Kota
7 menit ke Mall Renon Plaza
10 menit ke RS Bali Mandara
15 menit ke Gatsu dan Taman kota Lumintang
15 menit ke Teuku Umar

BOOKING FEE Cuma 5 juta saja per unit

Harga Jual Perdana atau Early Bird 745 juta rupiah untuk type 55 Dua Lantai dengan Luas Tanah mulai dari 62m2 sampai Luas Tanah 127M2 dan Rata Rata paling Banyak Luas Tanah 70M2 di Harga 795 Juta. Standardnya 2 Kamar Tidur 2 Kamar Mandi ( Harga Dapat berubah sewaktu waktu)

Harga sudah termasuk
- Unit baik Tanah dan bangunan
- BPHTB (Pajak Pembeli)
- Biaya Notaris dan balik nama
- Listrik 1.300 watt
- Air Sumur Bor
- SHM
- IMB

Cicilan per bulannya cuma Rp 5 JT. Minat???

KPR dengan Bank Mandiri, BTN dan BPR Lestari


#sanur #sanurtownhouse #rumahdijual #jualrumah #rumahdisewa #sewarumah #sewaruko #jualruko #sewaoffice #sewaapartemen #jualapartemen #ruko #tanah #office #apartemen #villa #rumahidaman #rumahkeren #rumahbagus #info #properti #infoproperty #ptcitrajasaandalan #cjpro #cj #cepatjual #cjprokelapagading #kelapagading #jakartautara #bekasi #bsd #jakarta #bali #bogor"
74,02/04/21,https://www.rumah.com/listing-properti/dijual-for-sale-villa-located-in-sanur-bali-perfect-modern-design-oleh-ady-dafa-18420834,5000,Bali,220,235,4,5,0,0,1,0,7700,SHM,"For sale Villa Located in Sanur, Bali Perfect Modern Design","For Sale Villa Located In Sanur, Bali Perfect Modern Design
For sale Villa
Located in Sanur, Bali
Perfect Modern Design
Villa complex environment
Safe and Comfortable Situation
.
Land size 220 m2
Building area 235 m2
2 Storey Building
Non Furnished
3 Bedrooms
4 Bathrooms
1 Maidroom + Toilet
Livingroom
Dinningroom
Swimming pool
Kitchen
Electric 7700
PDAM Water supply
Deep well water
Access
SHM (Freehold)
IMB (Building permit)
.
IDR 5.000.000.000
Negotiable"
75,02/04/21,https://www.rumah.com/listing-properti/dijual-sanur-bali-oleh-bintang-pranggadita-18214380,780,Bali,63,55,2,2,0,0,1,0,1300,SHM,"Sanur, Bali","Perumahan Di Sanur Lokasi Strategis
Perumahan di sanur, dekat bypas ngurah rai dan renon, denpasar selatan. Lingkungan sudah terbentuk dan Lebar Jalan 5 meter Paving

Special promo cashback sebesar 30 jt (berlaku sampai tanggal 9 Oktober 2020)

Kelebihan Secara Lokasi:

5 menit dari Jalan By Pass
7 menit ke Pantai Sindhu
7 menit ke Pantai Padang Galak Taman Festival
7 menit ke Kantor Gubernur di Renon, Monumen Bajra Sandhi
7 menit ke Mall Renon Plaza
8 menit ke Pizza Hut , KFC , Mac Donald , Dunkin Donnuts , JCO Sanur
8 menit ke Pantai Sanur serta objek objek wisata air lainnya
10 menit ke RS Bali Mandara
10 menit ke Art Centre
15 menit ke Kampus UNUD Sudirman
15 menit ke Gatsu dan Taman kota Lumintang
15 menit ke Mall level 21
20 menit ke Pusat Perbelanjaan Tiara Dewata
15 menit ke Jalan Teuku Umar
20 menit ke RS Sanglah
20 menit ke Jalan Imam Bonjol

BOOKING FEE Cuma 5 juta saja per unit

2 lantai
LB 55 m2
LT dari 62 - 172 m2
2 KT
2 KM

Harga mulai Rp. 795jt - 1,250M
DP minimal 10%

Harga sudah termasuk
- Unit baik Tanah dan bangunan
- BPHTB (Pajak Pembeli)
- Biaya Notaris dan balik nama
- Listrik 1.300 watt
- Air Sumur Bor
- SHM
- IMB

Cicilan per bulannya cuma Rp 7 jutaan.

KPR dengan Bank Mandiri, BTN dan BPR Lestari.

Unitnya Terbatas, dari 35 unit sisa 11 unit available."
76,31/03/21,https://www.rumah.com/listing-properti/dijual-sanur-denpasar-oleh-jerend-dwi-17656714,3500,Bali,240,180,3,3,0,0,1,0,3500,SHM,"Sanur , Denpasar","Private Villa Di Sanur - Denpasar
Beautiful 3 Bedroom Private Villa for Sale located in West Bypass Sanur, Bali

Nice and cozy modern with manicured garden , well maintained Villa , and nestled amongst secured neighborhood

This Villa suitable as private home but also valuable for business since this villa has been running on daily, monthly and yearly rental

#Details :
• Land size 240 m2
• Built size 180 m2
• Fully Furnished
• 3 Bedrooms
• 3 Bathrooms
• Living and Dining area
• Kitchen
• 1 Maid Room
• Swimming Pool
• Manicured Garden
• Garage ( 1 big car and 2 motor bikes)
• Ducked Roof
• Road access 5 mtrs
• SHM ( Freehold )
• IMB ( Building Permit )

#Asking Price IDR 3,5 Billions"
77,30/04/21,https://www.rumah.com/listing-properti/dijual-rumah-daerah-sanur-oleh-bonny-dwi-laksmono-13085519,850,Bali,98,45,3,1,0,0,1,0,1300,SHM,Rumah Daerah Sanur,"Dijual Rumah Minimalis Ekonomis, 800 Jtan Nego Di Padang Galak, Sanur
Rumah dijual di padang galak, sanur, denpasar :
LT 98 m2
LB 45m2
3 KT
1KM
Listrik 1300watt
Air sumur bor
Hadap timur
IMB dalam proses

Harga 850 juta nego"
78,28/04/21,https://www.rumah.com/listing-properti/dijual-dijual-rumah-minimalis-modern-di-lingkungan-villa-di-sanur-oleh-vironica-meylinda-18387629,2500,Bali,150,180,3,4,0,0,2,0,3300,SHM,Dijual rumah minimalis modern di lingkungan villa di Sanur,"Dijual Rumah
Dijual rumah minimalis modern di lingkungan villa di Sanur

Luas tanah 150m2
Luas bangunan 180m2
2 kamar tidur + 1
3 kamar mandi + 1
Listrik 3300 watt
Air : PDAM
Semi furnished
SHM & IMB

Lokasi strategis :
5 menit ke pantai Sanur
10 menit ke pusat kuliner Sanur
10 menit ke pusat kuliner Denpasar

Harga 2.5M"
79,21/04/21,https://www.rumah.com/listing-properti/dijual-rumah-di-sanur-denpasar-oleh-jerend-dwi-18069703,3150,Bali,150,150,3,3,0,0,1,0,5500,SHM,"Rumah di Sanur , Denpasar","Brand New - Rumah Modern Di Sanur Denpasar
Dijual Rumah Baru Semi Villa
style Modern Minimalis lokasi area Kutat Lestari, Sanur - Bali


#Detail :
• Luas Tanah 150 m2
• Luas Bangunan 150 m2
• Furnished
• 3 Kamar Tidur
• 3 Kamar Mandi
• Ruang Tamu
• Kitchen
• Gudang
• Swimming Pool
• Carport
• Listrik 5500 watt
• Akses Jln 5 mtr
• SHM & IMB


#Harga IDR 3,150,000,000,-


More info :
Dwi 082122738464
www.sentosabaliproperty.com"
80,04/04/21,https://www.rumah.com/listing-properti/dijual-rumah-minimalis-di-sedap-malam-sanur-dekat-renon-hangtuah-raya-puputan-mih-yamin-hayam-wuruk-oleh-agung-bagus-18302973,1700,Bali,150,170,3,4,0,0,1,0,2200,SHM,Rumah Minimalis Di Sedap Malam Sanur Dekat Renon Hangtuah Raya Puputan Mih Yamin Hayam Wuruk,"Rumah Minimalis Di Sedap Malam Sanur Dkt Renon Hangtuah Moh Yamin
Super BUC

Di Jual Rumah 2nd Minimalis Lantai 2 Di Kawasan Jalan Sedap Malam Sanur Kaja Denpasar Bali.
Lokasi strategis dekat Renon, Raya Puputan, Lapangan Bajra Sandi, Hangtuah, Moh Yamin, Pemuda, Hayam Wuruk, Kesiman. ak

- Luas Tanah 1,5 Are / 150 m2
- Luas Bangunan 170 m2
- Hadap Utara
- 3 Kamar Tidur
- 4 Kamar Mandi
- Dapur
- Ruang Tamu
- Garase
- Sumber Air Sumur Bor
- Listrik 2200 watt
- Lingkungan Elite
- Akses Jalan 6 Meter Paving ( Masuk -+30 meter dari Jalan Utama Sedap Malam )
- SHM

## HARGA 1,7 M NEGO ##
( Khusus Untuk Pembeli Serius )

NB : Kalau ada kerusakan / Bocor Nanti Owner akan Service Semuanya.

HUBUNGI,
GUNG BAGUS
081337338004
085100498804"
81,01/04/21,https://www.rumah.com/listing-properti/dijual-brand-new-luxury-and-cozy-home-oleh-adietia-rachman-18388038,59000,Bali,627,1050,7,8,0,0,1,1,23000,SHM,Brand New luxury and cozy home,"Brand New Luxury And Cozy Home
Brand New LUXURY Home and COZY Home at Jakarta's Prime Area

Open Price USD 5.9 Million / IDR 59 Billion (Negotiable)

""Will make you Stay at Home and Live Longer""

Enjoying the Atmosphere, Nature and Easy access to Bussiness Area

Feel Free to Live as good as for Investment

Imagine and Stay Comfort with Private Pool and Best Quality Home Materials

✅ Italia, Marble (Floors)
✅ Spain, Marble (Stairs, Bathroom)

✅ USA, Tamko (Roof) with 20-years warranty
✅ Germany, (Sanitary, Bathub with Jacuzzi)
✅ Korea, (LED and Crystal lights)

✅ Japan, (Aluminium Window Frame)
✅ Japan, (Air Conditioner)

✅ Indonesia, (Red Brick Walls)
✅ Indonesia, (Wood Doors)


Feel the COZY life and HEALTHY life

Land Area 627 m²
Building Space ±1.050 m²
Facing East (Great Income and Wealth)
Cozy, Homy, and Easy Access
24-Hour Security in the area

New Building
✅ 2.5-Story House
✅ 5+2 Bedrooms
✅ 5+3 Bathrooms
✅ Guest Bathroom, Powder Room
✅ Kitchen and Pantry
✅ Swimming Pool with a Wide Patio for Poolside Parties
✅ Garage, Carport with 5-cars Capacity
✅ Private Security Post

Come and Visit us :

✅ Instagram :
Realhome.jakarta

✅ Website :
http://www.adietia.agent.co.id/agent-listings

✅ Kenduri Land Property
Jakarta, Indonesia.
+62 878-8436-7271

""We make COZY HOME to live and stay"""
82,01/04/21,https://www.rumah.com/listing-properti/dijual-seminyak-oleh-bintang-pranggadita-18264533,2400,Bali,188,160,2,3,0,0,1,0,4400,SHM,Seminyak,"Dijual Rumah Second Di Pusat Pariwisata Seminyak
DIJUAL RUMAH MINIMALIS SIAP HUNI DAERAH SEMINYAK, LOKASI SANGAT STRATEGIS, DEKAT JALAN RAYA DAN PUSAT PARIWISATA SEMINYAK

Spesifikasi:
LT 188 m2
LB 160 m2
1 Lantai
2 KT
3 KM
Livingroom
Kitchen
Ruang Laundry
Listrik 4400 w
Air Sumur Bor
Carport Utk 1 Mobil
Orientasi Rumah Hadap Barat
SHM & IMB Lengkap
Kondisi Full Furnished

Lokasi Strategis Dekat:
* 25 Menit Ke Bandara Ngurah Rai
* 15 Menit Ke Beach Walk Kuta
* 10 Menit Ke Pantai Seminyak
* 5 Menit Ke Carefour Sunset Road

Harga 2,4 Milyar Nego Sampai DEAL!!!"
83,01/04/21,https://www.rumah.com/listing-properti/dijual-rumah-tinggal-oleh-pesta-lumban-raja-18401284,1800,Bali,138,118,2,,0,0,1,0,1300,SHM,Rumah Tinggal,"Rp 1,8 M
Rp 8,91 jt / bln

2 
N/A 
138 m²
Rp13,043478 jt / m²
Rumah Tinggal
Tangkuban Perahu, Seminyak, Seminyak, Bali
Ketahui lebih lanjut mengenai area di Bali
PETA
 PanggilanVideo
Lihat langsung listing ini melalui panggilan video. Hubungi agen untuk melakukannya.

Detail
Tipe
Rumah Dijual
Sertifikat
SHM - Sertifikat Hak Milik
Luas Bangunan
118 m²
Pengembang
N/A
Luas Tanah
138 m²
Per M²
Rp 13.043.478 per m²
Interior
Sebagian
Tahun Dibuat
N/A
Lantai
N/A
ID Listing
18401284
Listrik
1300 watt
Terdaftar Pada
3 hari yang lalu
Tempat Parkir
1
Interior
Multiple options available
Deskripsi
Rumah Eksotik Dan Asri Di Pusat Wisata Pulau Bali
Dijual Rumah Eksotik dan Elegan di dalam komplek Perumahan di kawasan Pusat wisata Kelas Dunia Pulau Bali. Lokasinya berada di Wilayah KEROBOKAN BALI . Bangunan Rumah sangat baik dan Terawat , lingkungan Sangat Asri dan tertata rapi jadi sangat cocok buat tempat tinggal atau buat Investasi karena lokasinya sangat2 strategis sekali karena dekat ke Pusat Wisata Seminyak, Canggu , Kuta dan tempat wisata lainnya. Rumah sangat cocok buat disewakan perbulan atau di kontrakkan pertahun dan dijamin akan sangat menguntungkan sekali.
Rumah dijual cepat dan Full Furnish jadi tinggal masuk saja . dijual dibawah harga Pasaran jarang Ada siapa cepat dia yang untung.

Hub : Pesta LR
08569069115
085100696915"
84,26/03/21,https://www.rumah.com/listing-properti/dijual-id-a-406-for-sale-jual-rumah-seminyak-kuta-bali-near-kerobokan-denpasar-canggu-oleh-iyan-dana-18429870,2400,Bali,188,160,2,2,0,0,1,0,5500,SHM,ID:A-406 For sale jual rumah seminyak kuta bali near kerobokan denpasar canggu,"Premium location: +-10 minute kerobokan, +-15 minute umalas, minute to airport, central denpasar & canggu, +-25 minute to sanur."
85,02/04/21,https://www.rumah.com/listing-properti/dijual-cluster-resvara-rumah-cantik-di-ciputra-beach-resort-oleh-james-18005189,2300,Bali,100,76,2,2,0,0,1,0,2200,SHM,"Cluster Resvara, rumah cantik di ciputra beach resort","Cluster Resvara, Terbaru Dari Ciputra Beach Resort
CIPUTRA BEACH RESORT at BALI
Berlokasi di Tabanan, 5 menit dari Tanah Lot, Bali

Ciputra mempersembahkan cluster ketiga yaitu RESVARA.

2 cluster sebelumnya yaitu Sadana & Nivata telah SOLD OUT sejak pemasarannya pada 2017 lalu, dan siap serah terima pada th 2020 ini.

Akses Lokasi:
*±5 menit dari /menuju Pantai Yeh Gangga.
*±5 menit dari /menuju Bali Glamping Beach, yang berada di dalam kawasan Ciputra Beach Resort.
*±10 menit dari /menuju Tanah Lot, yang merupakan destinasi wisata favorit di Bali.
*±20 menit dari /menuju Puri Anom Tabanan.
*±45 menit dari /menuju Bandara Internasional I Gusti Ngurah Rai.
*Dan masih banyak kawasan destinasi wisata sekitar lainnya...

Fasilitas:
-Club House, berisi :
Kolam Renang
Gym Center
Multifunction Room
-Jogging Track
-Taman Terbuka Hijau
-Luxurious Cluster Gate
-24 Hours CCTV & Security
-Dan lainnya. . .

Tipe Unit:
-Rumah Askana 7x15 (LB 76)
-Rumah Svana 10x20 (LB 125)
-Kavling Askana 7x15
-Kavling Svana 10x20
-Kavling Variable

Cara Bayar :
-Hard Cash
-Cicilan Bertahap Developer 36x
-DP 10% Cicil 12x, Sisa 90% Cash /KPR
-Baloon Payment, DP 30% Cicil 36x, Sisa 70% Cash /KPR /KPT

Harga Mulai:
-Rumah Askana 7x15 = Rp 2.3M-an
-Rumah Svana 10x20 = Rp 4.2M-an
-Kavling Askana 7x15 = Rp 1.7M-an
-Kavling Svana 10x20 = Rp 2.3M-an

Hubungi
James9pro
0878 8755 5685
Klik Langsung atau copy paste ke browser anda nanti terhubung ke Whatsapp :
https://api.whatsapp.com/send?phone=6287887555685"
86,02/04/21,https://www.rumah.com/listing-properti/dijual-dijual-rumah-minimalis-di-batuaji-tabanan-oleh-i-wayan-desna-astara-putra-18423004,300,Bali,66,36,2,1,0,0,1,0,,SHM,"Dijual rumah minimalis di Batuaji, Tabanan.","Dijual Rumah Minimalis Di Batuaji, Tabanan. Kawasan Perumahan
Dijual rumah minimalis di Batuaji, Tabanan. Kawasan perumahan, akses jalan lebar.

1. Tipe Cempaka (1 lantai)

Luas tanah 66 m2
Luas bangunan 36 m2
2 kamar tidur
1 kamar mandi
Harga 300 juta

2. Tipe Townhouse (2 lantai)

Luas tanah 50 m2
Luas bangunan 45 m2
2 kamar tidur
1 kamar mandi
Harga 330 juta

NB:
- Kelebihan tanah dihitung 2,5 juta/m2
- Booking fee 5 jt

Promo Bulan ini :
* Biaya Notaris & Balik Nama
* Pajak Pembelian
* TV LED 32""

Harga belum termasuk:
- Biaya Admin KPR

Link rumah tipe Townhouse :
https://youtu.be/j-6FqycVi0Y"
87,01/04/21,https://www.rumah.com/listing-properti/dijual-tabanan-oleh-yemima-sri-utami-18421386,220,Bali,60,30,2,1,0,0,1,0,1300,SHM,Tabanan,"Perumahan Cluster Niravadhi Residence Tabanan.
## Perumahan Cluster Niravadhi Residence Tabanan##.
Setelah Sukses pembangunan tahap pertama,
Di tawarkan lagi untuk tahap kedua,
Niravadhi residence ,adalah sebuah hunian yv sangat asri,dengan view yg sangat cantik,
Lokasi sangat strategis hanya 5 menit dari kota tabanan.
Dan hanya masuk 800m dari jln by pass denpasar gilimanuk.

Rumah modern dan minimalis
Sudah full finishing.

Tersedia mulai tipe:
Tipe 30/60M2.
Tipe 36/ 72m2.
Tipe 60/84 m2 lantai 2.,

Spesifikasinya:
# One gate system.
#akses jln 5 meter Paving.
#Lingkungan Nyaman dan masih Asri.
#Sertifikat + Imb lengkap.
# Harga mulai 220 jutaan.
( pembelian Tunai harga beda)
Booking free 6 juta.
#Dp 10% Bisa di angsur 3 kali.

Fasilitas rumah:
2 kamar tidur,kamar mandi,ruang tamu,garase dll.
Untuk informasi lebih lengkap silahkan Hub:
Yemima
Call/Wa :081359116107."
88,01/04/21,https://www.rumah.com/listing-properti/dijual-belayu-tabanan-oleh-ayu-widiyawati-17223687,3280,Bali,1530,240,3,3,0,0,1,1,10600,SHM,Belayu Tabanan,"Rumah Bergaya Villa Klasik Di Belayu Tabanan Bali
Rumah bergaya villa klasik bernuansa pedesaan di daerah tabanan di jual murah berada di Belayu Tabanan dikelilingi oleh banyak obyek wisata turis mancanegara dan lokal seperti treetop adventure , danau beratan, pura ulun dsb, di kelilingi oleh sawah dan pepohonan membuat rumah ini nyaman untuk tinggal.

Cocok untuk villa hotel maupun rumah usaha dsb.

Lt. 1530 m 2
Lb 240
Private swimming pool
SHM
3 KT
3 KM
10600 watt
PDAM
Garasi cukup 2 mobil dan motor

HARGA 189.500 EURO negotiable"
89,01/04/21,https://www.rumah.com/listing-properti/dijual-marga-tabanan-oleh-bintang-pranggadita-18192931,265,Bali,67,36,2,1,0,0,1,0,1300,SHM,"Marga, Tabanan","Dijual Perumahan Murah Meriah Di Daerah Marga, Tabanan, Bali
Dijual perumahan murah meriah di area Marga, Tabanan.

Luas tanah 67 m2
Luas bangunan 36 m2
2 KT, 1 KM
Listrik 1300 W
Air sumur bor / PDAM
Harga hanya Rp 265 juta

Luas tanah 78 m2
Luas bangunan 45 m2
3 KT, 1 KM
Listrik 1300 W
Air sumur bor / PDAM
Harga hanya Rp 340 juta

Harga sudah termasuk pagar, paving garasi, pajak BPHTB pembeli, bea balik nama dan biaya notaris AJB.

BURUAN !!! Harga Sangat Terjangkau, unit terbatas, siapa cepat dia dapat !!!"
90,01/04/21,https://www.rumah.com/listing-properti/dijual-rumah-cluster-di-pesiapan-oleh-ekkyajeng-s-18148302,425,Bali,91,60,2,1,0,0,1,0,900,SHM,Rumah cluster di pesiapan,"Rumah Cluster Di Pesiapan Tabanan
Dijual cepat rumah cluster di pesiapan. lokasi strategis, info hub ekky wa/tlp 0821-9193-0581"
91,31/03/21,https://www.rumah.com/listing-properti/dijual-dijual-rumah-ciputra-bali-tatar-sadana-oleh-ita-puspita-18416153,2205,Bali,105,69,1,2,0,0,1,0,,SHGB,DIJUAL RUMAH CIPUTRA BALI TATAR SADANA,"Bangunan Mezanin, Cluster
Luas tanah 105 m2
Luas bangunan 69 m2
Kamar tidur 1
Kamar mandi 2

Harga 2M 205 Juta

Minat? Hubungi
Ita Discovery Property 087862975006 (Wa)
Veran Discovery Property 089657113715 (Wa)"
92,31/03/21,https://www.rumah.com/listing-properti/dijual-dijual-rumah-ciputra-bali-exclusive-oleh-ita-puspita-18416128,2400,Bali,105,76,2,2,0,0,1,0,,SHGB,DIJUAL RUMAH CIPUTRA BALI EXCLUSIVE,"Lokasi Strategis, On Progress
Luas tanah 105 m2
Luas bangunan 76 m2
Kamar tidur 2
Kamar mandi 2

Harga start 2M 400 Juta

Minat? Hubungi
Ita Discovery Property 087862975006 (Wa)
Veran Discovery Property 089657113715 (Wa)"
93,29/03/21,https://www.rumah.com/listing-properti/dijual-tabanan-tabanan-bali-oleh-bonny-dwi-laksmono-18362831,2300,Bali,105,76,2,2,0,0,1,0,2200,SHM,"Tabanan, Tabanan, Bali","Dijual Rumah 2 Lt Elite Baru Minimalis Strategis 2M-An Di Tabanan Bali
DIJUAL cluster baru di perumahan elite Ciputra Beach Resort @ Tabanan, Bali.

Lokasi asri, dekat dengan pantai Yeh Gangga, pantai Tampih, dan view sawah2 hijau dan gunung.

Cluster baru RESVARA
di atas lahan seluas 7,2 hektar
sebanyak 190 unit

Terdiri atas 2 type :
1) Type ASKANA
Luas Bangunan 76 m2
Luas Tanah 105 m2 (7x15m)
2 lantai, 2 KT, 2 KM
Listrik 2200 W
Air PDAM

Harga price list mulai 2,4 M
Pre Sales 2,3 M

Harga tanah kavling saja mulai 1,8 M
Pre Sales kavling 1,7 M

2) Type SVANA
Luas Bangunan 125 m2
Luas Tanah 200 m2 (10x20m)
2 lantai, 3+1 KT, 3+1 KM
Listrik 4400 W
Air PDAM

Harga price list mulai 4,48 M
Pre Sales 4,26 M

Harga tanah kavling saja mulai 2,5 M
Pre Sales kavling 2,3 M

Cara pembayaran :
1) Residential
- KPR DP 10% 12X
- Easy Payment DP 30% 36X, 70% Cash/KPR
- Installment Flat 36X

2) Tanah Kavling
- Easy Payment DP 30% 36X, 70% Cash/KPR
- Installment Flat 36X

https://youtu.be/hJyzK2g9G-w

Please LIKE & SUBSCRIBE
Thanks"
94,31/03/21,https://www.rumah.com/listing-properti/dijual-tabanan-bali-oleh-junlie-17581601,8000,Bali,990,700,6,3,0,0,1,0,3500,SHM,TABANAN-BALI,"Jual Komersial Area Di Pusat Kota Tabanan Bali Di Jalan Dharmawangsa
Jual KOMERSIAL AREA di Pusat Kota TABANAN-BALI, sebelah TOYOTA AUTO 2000
Lokasinya di Jalan Dharmawangsa

LT. 985 (15 x 66)
LB. 700

Bangunan khas Bali masih bagus
Pusat Kota Tabanan
Row 5 mobil
SHM
Cocok untuk berbagai macam usaha.
KT 6
KM 3
Dapur 2
Parkir mobil luas

Harga 8 M Nego"
95,31/03/21,https://www.rumah.com/listing-properti/dijual-batuaji-tabanan-oleh-bintang-pranggadita-18193139,330,Bali,50,45,2,1,0,0,1,0,1300,SHM,"Batuaji, Tabanan","Dijual Rumah Townhouse Di Batuaji Tabanan Bali
Dijual rumah minimalis di Batuaji, Tabanan. Kawasan perumahan, akses jalan lebar. Dekat ke daerah wisata Tanah Lot

1. Tipe Cempaka (1 lantai)

Luas tanah 66 m2
Luas bangunan 36 m2
2 kamar tidur
1 kamar mandi
Harga 300 juta

2. Tipe Townhouse (2 lantai)

Luas tanah 50 m2
Luas bangunan 45 m2
2 kamar tidur
1 kamar mandi
Harga 330 juta

NB:
- Kelebihan tanah dihitung 2,5 juta/m2
- Booking fee 5 jt

Promo Bulan ini :
* Biaya Notaris & Balik Nama
* Pajak Pembelian
* TV LED 32""

Harga belum termasuk:
- Biaya Admin KPR"
96,25/03/21,https://www.rumah.com/listing-properti/dijual-rumah-murah-nyaman-asri-strategis-di-tabanan-bali-oleh-friska-lidya-15915518,650,Bali,100,70,2,2,0,0,1,0,1300,SHM,"Rumah Murah Nyaman, Asri, Strategis di Tabanan Bali","Rumah Murah Nyaman, Asri, Strategis Di Tabanan Bali
Spesifikasi :

LT : 100 m2
LB : 70 m2
2 KT
2 KM

Legalitas :

SHM
IMB

Spesifikasi Tambahan :

1 Gudang
1 Garasi
Air Sumur Bor
Masing2 Kamar Sudah Ada AC

More Info :

LIDYA
Call : 0822.9953.5523
WA : 0858.8171.4909"
97,25/03/21,https://www.rumah.com/listing-properti/dijual-dijual-rumah-minimalis-di-kediri-tabanan-bali-oleh-natasya-dinar-ratulangi-18387522,320,Bali,78,60,2,1,0,0,1,0,900,SHM,"Dijual Rumah Minimalis di Kediri, Tabanan, Bali","Dijual Rumah Minimalis Di Kediri, Tabanan, Bali
Dijual cepat rumah minimalis daerah Kediri, Tabanan, Bali

LB 60 m2
LT 78 m2
KT 2
KM 1
Lantai 1
Kap atas rumah baja ringan
Kusen pintu dan jendela aluminium
Carport
Rumah menghadap ke timur
Lebar jalan 5 meter
Air sumur bor
Listrik 900 w
SHM

Harga 320jt"
98,25/03/21,https://www.rumah.com/listing-properti/dijual-kedungu-oleh-gusti-arik-18389278,650,Bali,100,48,2,2,0,0,1,0,3500,SHM,Kedungu,"Rumah Industrial Style Di Tabanan Dekat Pererenan 2 Bedrooms
Butuh Uang cepat!
Harga jual 650 jt. Nego!
Harga sewa 30 jt. Nego!

Spesifikasi Rumah
• Luas Tanah 100 M2
• Luas Bangunan 4x12 meter
• Jalan Paving 6 Meter
• 2 partition Duplex Room 4x6 meter
• 2 Bath Room 2x2,5meter
• 1 Kitchen 2x4 meter
• Car port
• Yard (space swimming pool 4x2,5 meter)
• Elektrik 3500 Kwh
• Sumur Bor

Spesifikasi perlengkapan
• 2 Unit AC LG 1,5 PK
• 1 Unit Water heater listrik Ariston 80 Liter
• 1 Unit kompor listrik tanam modena
• 1 Unit Kulkas
• 1 Unit dispenser
• 1 Unit Microwave
• 1 Unit Bread toaster
• Kitchen set
• 1 Unit Water Tank 350 Liter
• 2 Unit TV Polytron 32 inchi LED multimedia
• 2 Set Spring bed 160x200 cm
• 2 Unit washtafel
• 2 Unit permanent wardrobe
• 2 set duve
• 14 set blackout Gorden 100 x 220 cm
• 2 Unit Sofa bed
• 2 Unit Side Table
• 2 Unit Electric Ketel
• 2 Unit Hair dryer
• 2 Unit setrika listrik
• 2 Unit wooden trash bin
• 4 pcs bath towel
• 4 pcs hand towel
• 4 Pcs Bath Mat

Spesifikasi Lokasi
• +- 700 Meter dari Pantai Yeh Gangga
• 5 menit ke pantai ke pantai kedungu
• 10 menit ke Tanah Lot
• 20enit ke Canggu

For view or further details please contact Gusti Arik +6281805494158 ( whatsapp )"
99,02/04/21,https://www.rumah.com/listing-properti/dijual-cluster-nivata-oleh-wayan-18201975,5800,Bali,250,197,3,3,0,0,1,0,4400,SHGB,Cluster Nivata Di Ciputra Beach Resort,"Great location in Tabanan area, lokasi dekat dengan pantai hanya 500meter menuju Tampih Beach. Tersedia club house, Good facility, 3 bedroom and 3 bathroom, unfurnish condition, bangunan 2 lantai dengan kelebihan tanah cukup untuk bikin private pool."
100,31/03/21,https://www.rumah.com/listing-properti/dijual-dijual-freehold-ubud-selatan-10-menit-dari-ubud-central-lokasi-ubud-status-shm-dan-imb-include-imb-oleh-suratama-putu-17539151,3500,Bali,200,150,3,3,0,0,1,0,3500,SHM,Dijual Freehold ubud selatan 10 menit dari ubud central lokasi Ubud Status SHM dan IMB (include IMB),"Sepuluh Menit Dari Ubud Central
Dijual freehold ubud selatan 10 menit dari ubud central lokasi Ubud
Status SHM dan IMB (include IMB)
Luas tanah 200 m²
luas bangunan 150 m²
3 bedroom
3 bathroom
Living Room
Swimming pool
Kitchen set
Full furnish
Listrik 5500 watt
Air sumur bor
Akses jalan 4 meter
Harga 3.500.000.000 Nego
Wa 0878 5553 6095"